section_id,term_id,enrollment_count,waitlist_count,enrollment_date
1,1,94,0,2020-07-14
2,2,99,0,2020-12-07
3,2,94,18,2020-11-28
4,2,89,0,2020-11-13
5,3,90,0,2021-06-16
6,4,94,0,2021-11-12
7,5,86,0,2022-06-26
8,6,98,0,2022-11-12
9,6,97,0,2022-11-15
10,6,99,7,2022-11-21
11,7,89,0,2023-07-03
12,7,93,14,2023-07-05
13,7,72,0,2023-06-26
14,8,95,0,2023-11-22
15,9,89,15,2024-06-20
16,10,95,28,2024-12-05
17,1,110,0,2020-07-09
18,2,110,0,2020-11-29
19,3,107,16,2021-06-17
20,4,109,0,2021-11-29
21,4,111,0,2021-11-13
22,5,109,0,2022-07-08
23,6,106,0,2022-12-01
24,6,115,12,2022-12-10
25,6,110,0,2022-11-24
26,7,114,33,2023-06-20
27,7,108,32,2023-06-25
28,7,107,0,2023-07-16
29,8,105,0,2023-12-01
30,9,107,0,2024-06-23
31,10,56,0,2024-12-09
32,1,96,0,2020-06-21
33,2,102,0,2020-11-13
34,2,104,11,2020-11-27
35,3,105,0,2021-07-01
36,4,100,0,2021-11-25
37,4,102,0,2021-12-08
38,5,98,0,2022-06-22
39,5,100,0,2022-07-08
40,6,99,0,2022-11-11
41,7,97,0,2023-07-14
42,8,103,0,2023-11-21
43,9,100,5,2024-06-23
44,10,100,0,2024-12-10
45,1,42,0,2020-07-15
46,1,41,0,2020-06-30
47,1,41,0,2020-06-26
48,2,48,0,2020-12-01
49,3,48,0,2021-06-26
50,4,44,4,2021-12-06
51,5,46,0,2022-06-25
52,5,43,0,2022-07-08
53,6,37,0,2022-11-14
54,6,39,10,2022-11-22
55,7,40,3,2023-06-23
56,8,47,0,2023-11-27
57,9,39,0,2024-07-05
58,10,44,0,2024-11-13
59,1,41,6,2020-07-06
60,2,46,0,2020-11-21
61,3,43,6,2021-06-17
62,4,46,0,2021-11-22
63,5,46,0,2022-07-04
64,6,46,0,2022-12-06
65,7,42,0,2023-06-20
66,7,49,0,2023-07-09
67,7,45,0,2023-06-21
68,8,50,0,2023-11-27
69,9,46,0,2024-07-05
70,9,46,0,2024-06-24
71,10,42,0,2024-11-14
72,1,23,0,2020-07-13
73,2,28,0,2020-11-16
74,3,24,3,2021-07-14
75,4,20,0,2021-11-17
76,4,25,0,2021-12-04
77,4,20,0,2021-11-16
78,5,19,0,2022-06-16
79,6,26,7,2022-12-05
80,7,27,0,2023-07-16
81,8,20,0,2023-12-06
82,9,20,4,2024-07-13
83,10,28,0,2024-11-26
84,10,25,0,2024-11-13
85,10,25,6,2024-11-25
86,1,75,0,2020-07-02
87,2,79,0,2020-11-20
88,3,76,0,2021-07-04
89,4,72,11,2021-11-11
90,5,70,0,2022-06-27
91,5,75,0,2022-06-24
92,5,75,0,2022-07-02
93,6,74,15,2022-11-30
94,6,72,20,2022-11-21
95,7,73,0,2023-07-10
96,8,76,0,2023-12-06
97,9,73,1,2024-06-24
98,10,70,0,2024-12-01
99,1,137,0,2020-07-09
100,2,137,0,2020-11-18
101,2,139,0,2020-11-16
102,2,132,11,2020-11-25
103,3,134,3,2021-07-04
104,4,138,4,2021-11-24
105,5,133,0,2022-07-02
106,6,141,0,2022-12-01
107,7,141,0,2023-07-05
108,7,142,0,2023-06-22
109,7,135,17,2023-06-28
110,8,132,21,2023-11-12
111,9,137,0,2024-06-28
112,10,137,0,2024-11-21
113,1,29,0,2020-07-10
114,2,27,0,2020-11-17
115,3,26,1,2021-07-11
116,4,26,0,2021-11-16
117,4,31,0,2021-12-07
118,5,26,0,2022-06-22
119,6,26,0,2022-11-14
120,7,31,0,2023-06-18
121,8,23,0,2023-12-03
122,9,28,0,2024-07-10
123,10,24,0,2024-12-04
124,1,52,0,2020-07-11
125,2,44,0,2020-12-04
126,3,44,5,2021-07-10
127,4,49,0,2021-11-15
128,5,49,0,2022-06-16
129,6,51,0,2022-11-27
130,7,45,1,2023-07-05
131,8,52,0,2023-11-17
132,8,45,0,2023-12-01
133,9,48,0,2024-07-01
134,10,46,0,2024-11-26
135,1,11,0,2020-07-16
136,2,17,0,2020-11-14
137,3,11,0,2021-06-24
138,4,16,0,2021-11-13
139,5,11,0,2022-06-21
140,6,18,0,2022-11-12
141,7,16,0,2023-06-29
142,7,11,0,2023-07-14
143,7,21,0,2023-06-23
144,8,12,0,2023-11-27
145,9,16,0,2024-07-11
146,10,12,0,2024-11-27
147,1,56,0,2020-06-26
148,1,55,0,2020-07-05
149,1,54,4,2020-06-21
150,2,58,0,2020-11-22
151,3,58,7,2021-07-02
152,3,58,0,2021-07-01
153,4,56,0,2021-11-19
154,5,56,0,2022-06-25
155,6,53,0,2022-12-04
156,7,61,0,2023-07-12
157,8,52,0,2023-11-16
158,9,58,0,2024-06-29
159,10,56,1,2024-12-09
160,1,95,0,2020-07-10
161,1,101,0,2020-06-16
162,2,103,0,2020-11-28
163,3,104,0,2021-06-27
164,4,102,0,2021-11-19
165,5,99,0,2022-06-16
166,6,99,0,2022-12-08
167,6,95,0,2022-11-26
168,7,96,12,2023-06-26
169,8,102,0,2023-11-11
170,9,99,0,2024-07-14
171,10,103,0,2024-12-02
172,10,99,0,2024-12-03
173,10,103,23,2024-11-28
174,1,144,37,2020-06-20
175,1,109,0,2020-07-02
176,1,144,0,2020-07-01
177,2,144,0,2020-11-16
178,3,142,0,2021-06-18
179,4,139,26,2021-12-08
180,5,145,0,2022-06-20
181,6,135,27,2022-12-01
182,7,142,0,2023-07-14
183,8,140,10,2023-11-14
184,9,140,0,2024-06-19
185,10,143,0,2024-12-11
186,1,38,0,2020-07-13
187,2,35,0,2020-12-09
188,3,38,0,2021-06-21
189,4,35,6,2021-11-11
190,5,36,0,2022-06-17
191,6,40,0,2022-11-15
192,7,25,0,2023-07-15
193,8,36,4,2023-12-02
194,9,33,6,2024-06-23
195,10,43,0,2024-12-11
196,1,144,0,2020-07-10
197,2,149,0,2020-12-02
198,2,144,0,2020-12-11
199,2,153,4,2020-12-08
200,3,148,0,2021-07-09
201,4,152,0,2021-11-20
202,5,145,0,2022-06-25
203,6,149,0,2022-11-21
204,7,147,0,2023-07-16
205,8,144,0,2023-11-21
206,9,151,0,2024-07-15
207,9,146,0,2024-06-29
208,9,101,0,2024-07-07
209,10,150,0,2024-12-05
210,1,49,9,2020-07-10
211,2,48,0,2020-11-11
212,3,47,6,2021-06-28
213,4,41,10,2021-12-04
214,5,50,0,2022-06-19
215,6,50,9,2022-11-18
216,7,40,1,2023-07-11
217,8,42,7,2023-11-26
218,8,40,0,2023-11-21
219,8,41,0,2023-12-03
220,9,46,0,2024-07-14
221,10,45,0,2024-11-16
222,1,112,18,2020-06-24
223,2,120,0,2020-11-20
224,3,118,0,2021-06-30
225,4,120,0,2021-12-01
226,5,122,0,2022-06-28
227,6,85,0,2022-11-13
228,7,116,28,2023-07-01
229,8,115,0,2023-11-30
230,9,119,0,2024-07-03
231,10,116,13,2024-11-11
232,1,52,0,2020-06-18
233,2,46,6,2020-11-25
234,3,45,0,2021-06-22
235,4,51,0,2021-11-28
236,5,48,0,2022-07-09
237,6,45,0,2022-12-02
238,7,47,0,2023-07-05
239,8,47,0,2023-11-22
240,9,49,6,2024-06-23
241,9,45,11,2024-06-23
242,9,44,0,2024-06-27
243,10,51,0,2024-11-17
244,1,51,0,2020-06-17
245,1,46,0,2020-07-10
246,1,55,0,2020-07-04
247,2,46,0,2020-11-18
248,3,48,0,2021-06-16
249,4,48,6,2021-11-21
250,5,46,0,2022-07-15
251,6,51,0,2022-11-17
252,7,54,0,2023-07-02
253,8,48,0,2023-11-13
254,9,47,0,2024-07-07
255,10,51,0,2024-11-29
256,1,20,0,2020-07-15
257,1,19,0,2020-06-19
258,1,26,6,2020-07-08
259,2,17,0,2020-12-11
260,3,23,0,2021-07-01
261,3,16,3,2021-07-12
262,4,20,3,2021-11-13
263,5,21,0,2022-07-12
264,6,17,0,2022-12-08
265,7,18,0,2023-06-24
266,7,24,0,2023-06-29
267,7,17,0,2023-06-24
268,8,19,0,2023-11-14
269,9,23,0,2024-07-09
270,10,24,0,2024-11-20
271,1,26,0,2020-07-03
272,2,24,0,2020-11-19
273,3,28,0,2021-06-25
274,4,28,0,2021-12-03
275,4,25,0,2021-11-24
276,5,33,0,2022-07-03
277,6,24,5,2022-12-11
278,7,30,0,2023-06-21
279,8,32,0,2023-11-29
280,9,27,0,2024-07-01
281,10,23,0,2024-11-13
282,1,119,0,2020-06-22
283,2,127,0,2020-12-05
284,3,126,0,2021-06-21
285,4,121,30,2021-12-03
286,5,125,0,2022-07-07
287,6,79,0,2022-11-30
288,7,129,0,2023-06-24
289,8,124,0,2023-11-20
290,9,124,0,2024-06-17
291,10,122,30,2024-12-10
292,1,106,26,2020-07-05
293,2,107,10,2020-12-09
294,3,104,29,2021-06-18
295,4,99,0,2021-11-28
296,4,108,21,2021-12-11
297,5,100,0,2022-07-16
298,6,104,0,2022-11-28
299,7,99,12,2023-06-20
300,8,102,0,2023-11-15
301,9,103,0,2024-07-07
302,10,82,0,2024-12-09
303,1,24,1,2020-06-26
304,2,29,8,2020-11-11
305,3,21,0,2021-07-09
306,4,23,4,2021-12-10
307,5,26,0,2022-07-03
308,6,31,7,2022-11-18
309,7,27,0,2023-06-21
310,8,23,0,2023-11-23
311,9,24,3,2024-07-11
312,10,21,0,2024-12-03
313,10,27,5,2024-11-13
314,10,23,0,2024-11-21
315,1,21,2,2020-06-25
316,2,21,6,2020-12-03
317,3,19,0,2021-07-06
318,4,25,0,2021-11-18
319,5,19,0,2022-07-13
320,6,19,0,2022-11-15
321,7,14,0,2023-07-02
322,8,19,0,2023-11-30
323,9,23,3,2024-07-13
324,10,19,0,2024-12-05
325,1,35,0,2020-07-03
326,2,36,3,2020-11-22
327,3,25,0,2021-06-17
328,4,38,0,2021-11-15
329,5,37,0,2022-06-24
330,6,33,0,2022-11-15
331,7,36,0,2023-06-29
332,8,33,0,2023-11-22
333,9,40,0,2024-06-19
334,10,36,0,2024-12-01
335,1,151,0,2020-06-19
336,2,151,14,2020-11-15
337,3,146,24,2021-07-04
338,4,146,19,2021-11-21
339,5,152,0,2022-07-05
340,6,154,0,2022-12-08
341,7,154,0,2023-07-13
342,8,144,15,2023-11-13
343,9,144,0,2024-06-21
344,10,153,0,2024-11-14
345,1,26,4,2020-07-03
346,2,26,0,2020-11-23
347,3,30,0,2021-06-22
348,4,36,0,2021-11-30
349,5,31,0,2022-07-01
350,5,29,8,2022-07-16
351,6,31,0,2022-11-13
352,7,33,0,2023-06-28
353,7,29,0,2023-06-16
354,7,27,0,2023-06-29
355,8,27,5,2023-12-11
356,9,33,0,2024-07-12
357,10,27,6,2024-12-04
358,10,36,0,2024-11-20
359,1,17,0,2020-06-26
360,2,25,0,2020-11-30
361,3,26,0,2021-06-27
362,3,20,0,2021-07-15
363,4,16,1,2021-12-03
364,4,18,0,2021-11-20
365,4,17,0,2021-11-21
366,5,25,5,2022-06-18
367,6,21,0,2022-12-06
368,7,24,0,2023-06-26
369,7,16,0,2023-07-13
370,8,17,4,2023-12-08
371,9,21,0,2024-07-02
372,10,23,0,2024-11-25
373,10,21,0,2024-11-17
374,10,22,6,2024-11-12
375,1,43,0,2020-07-14
376,2,41,0,2020-11-17
377,3,44,0,2021-07-14
378,3,40,2,2021-06-24
379,4,39,0,2021-11-28
380,5,43,0,2022-06-18
381,6,40,0,2022-12-05
382,6,46,0,2022-11-14
383,7,38,0,2023-06-16
384,8,47,0,2023-11-25
385,9,38,3,2024-06-26
386,10,39,0,2024-11-20
387,1,96,12,2020-07-14
388,2,95,2,2020-11-26
389,2,97,25,2020-11-16
390,2,95,23,2020-11-28
391,3,98,0,2021-07-09
392,4,98,0,2021-12-11
393,5,100,0,2022-07-07
394,6,95,0,2022-11-15
395,6,99,0,2022-12-03
396,7,98,5,2023-06-20
397,8,103,0,2023-11-27
398,9,98,0,2024-07-14
399,10,95,0,2024-11-24
400,1,51,0,2020-06-17
401,2,51,0,2020-11-17
402,3,40,0,2021-07-02
403,4,49,0,2021-12-03
404,5,53,0,2022-06-25
405,5,51,0,2022-07-02
406,6,56,3,2022-12-03
407,6,56,0,2022-12-06
408,6,50,12,2022-12-04
409,7,52,0,2023-06-27
410,8,51,0,2023-11-20
411,9,52,0,2024-07-01
412,10,51,0,2024-12-01
413,1,129,0,2020-07-04
414,2,133,0,2020-11-24
415,3,137,0,2021-07-07
416,4,133,0,2021-11-11
417,5,131,0,2022-06-28
418,5,136,0,2022-07-06
419,5,133,0,2022-06-18
420,6,133,0,2022-12-11
421,7,130,0,2023-07-09
422,8,132,0,2023-11-30
423,9,133,0,2024-06-28
424,9,135,0,2024-06-30
425,10,135,0,2024-11-12
426,1,37,0,2020-07-10
427,2,31,0,2020-12-06
428,3,40,0,2021-07-11
429,4,32,0,2021-11-11
430,5,36,0,2022-07-13
431,6,35,0,2022-11-18
432,7,36,0,2023-07-06
433,8,33,6,2023-12-10
434,9,30,0,2024-06-23
435,10,31,0,2024-11-22
436,1,38,0,2020-07-11
437,2,37,0,2020-12-04
438,3,37,0,2021-07-06
439,4,25,0,2021-11-22
440,5,35,0,2022-07-04
441,6,40,0,2022-12-04
442,7,39,1,2023-06-21
443,8,33,3,2023-11-15
444,8,32,0,2023-12-10
445,9,36,0,2024-06-24
446,9,39,2,2024-06-30
447,9,32,5,2024-06-21
448,10,40,0,2024-12-09
449,1,25,4,2020-06-16
450,1,30,0,2020-06-26
451,1,28,7,2020-06-27
452,2,31,0,2020-12-10
453,2,30,0,2020-11-21
454,2,30,3,2020-11-17
455,3,30,0,2021-06-30
456,4,26,3,2021-11-25
457,5,28,0,2022-07-05
458,6,32,0,2022-11-15
459,7,24,4,2023-07-06
460,8,31,4,2023-12-03
461,9,23,0,2024-07-10
462,10,29,0,2024-12-01
463,1,27,4,2020-07-10
464,2,29,0,2020-11-27
465,3,25,0,2021-06-20
466,4,21,0,2021-11-19
467,5,33,6,2022-06-19
468,6,17,0,2022-11-29
469,6,33,0,2022-11-12
470,7,32,1,2023-06-19
471,8,28,6,2023-12-11
472,9,32,0,2024-06-24
473,10,24,2,2024-11-13
474,10,26,7,2024-11-25
475,10,27,0,2024-11-11
476,1,63,3,2020-07-11
477,2,69,8,2020-12-02
478,3,66,11,2021-07-03
479,4,61,0,2021-11-30
480,5,65,19,2022-07-10
481,6,60,0,2022-12-03
482,7,67,19,2023-07-06
483,8,61,0,2023-12-01
484,9,66,0,2024-06-28
485,10,64,0,2024-11-12
486,1,46,9,2020-07-11
487,2,37,6,2020-11-16
488,3,44,0,2021-07-11
489,4,39,3,2021-12-11
490,5,40,0,2022-06-24
491,5,47,0,2022-06-19
492,5,41,0,2022-07-05
493,6,38,5,2022-11-28
494,7,39,0,2023-07-11
495,8,40,1,2023-12-06
496,9,37,0,2024-07-07
497,9,38,0,2024-07-05
498,10,47,14,2024-11-22
499,1,55,11,2020-07-05
500,1,56,0,2020-06-26
501,1,57,16,2020-07-03
502,2,50,0,2020-11-15
503,3,58,0,2021-07-04
504,4,56,0,2021-12-09
505,5,59,0,2022-07-09
506,5,61,0,2022-07-15
507,6,56,0,2022-11-22
508,7,57,0,2023-07-02
509,8,63,0,2023-11-27
510,8,59,16,2023-11-24
511,9,57,6,2024-06-27
512,10,54,0,2024-12-07
513,10,57,7,2024-11-24
514,10,62,0,2024-12-04
515,1,86,11,2020-06-22
516,2,77,0,2020-11-22
517,3,77,0,2021-07-01
518,4,81,0,2021-11-27
519,5,81,0,2022-07-10
520,6,78,0,2022-11-15
521,7,76,0,2023-07-01
522,7,76,0,2023-07-16
523,8,86,0,2023-11-21
524,9,82,0,2024-06-25
525,10,80,0,2024-12-03
526,10,77,0,2024-12-04
527,1,33,0,2020-07-12
528,2,41,1,2020-12-03
529,3,27,0,2021-06-26
530,4,34,0,2021-11-29
531,5,32,0,2022-07-05
532,5,40,0,2022-06-23
533,5,41,0,2022-06-19
534,6,32,0,2022-12-06
535,7,33,0,2023-06-30
536,7,39,0,2023-07-14
537,8,36,0,2023-11-14
538,9,35,3,2024-06-22
539,10,31,0,2024-12-01
540,1,29,0,2020-06-30
541,2,38,0,2020-11-24
542,3,33,0,2021-06-17
543,4,30,9,2021-11-26
544,5,29,6,2022-06-23
545,6,31,0,2022-11-30
546,7,31,0,2023-07-16
547,7,33,0,2023-07-13
548,8,18,0,2023-11-17
549,8,38,0,2023-12-03
550,9,34,0,2024-06-19
551,10,29,0,2024-12-02
552,1,36,0,2020-06-23
553,1,34,0,2020-07-16
554,2,38,0,2020-11-30
555,3,34,0,2021-06-23
556,3,38,0,2021-06-26
557,3,43,0,2021-07-14
558,4,21,0,2021-11-29
559,5,37,0,2022-07-06
560,6,34,0,2022-12-05
561,7,34,0,2023-07-14
562,8,39,0,2023-12-05
563,9,37,0,2024-06-23
564,10,34,0,2024-11-25
565,1,22,0,2020-06-21
566,2,27,0,2020-12-08
567,3,30,0,2021-07-04
568,3,28,3,2021-07-12
569,4,28,3,2021-12-06
570,5,26,4,2022-07-10
571,6,27,0,2022-12-10
572,7,23,0,2023-07-14
573,8,31,0,2023-11-16
574,9,29,0,2024-07-01
575,9,23,0,2024-06-23
576,9,25,0,2024-06-25
577,10,23,0,2024-11-14
578,1,57,4,2020-07-11
579,2,38,0,2020-11-29
580,3,58,0,2021-07-06
581,3,53,0,2021-06-21
582,4,55,0,2021-11-27
583,5,58,0,2022-07-10
584,6,60,0,2022-12-10
585,7,56,0,2023-07-09
586,7,59,0,2023-07-04
587,8,63,0,2023-11-24
588,9,54,4,2024-07-04
589,10,55,0,2024-12-08
590,10,54,0,2024-11-25
591,10,53,13,2024-11-12
592,1,23,6,2020-06-24
593,2,22,0,2020-12-04
594,3,19,0,2021-07-08
595,4,19,1,2021-11-23
596,5,20,4,2022-06-27
597,6,25,7,2022-12-04
598,7,19,0,2023-06-28
599,7,27,6,2023-07-13
600,7,27,0,2023-07-08
601,8,22,0,2023-12-01
602,9,22,0,2024-06-16
603,10,21,0,2024-12-03
604,1,37,0,2020-06-17
605,2,42,0,2020-11-13
606,2,37,6,2020-11-15
607,2,37,5,2020-12-11
608,3,34,0,2021-07-16
609,4,40,0,2021-11-13
610,5,39,0,2022-06-17
611,5,32,0,2022-07-09
612,5,36,0,2022-07-09
613,6,41,0,2022-11-26
614,7,35,0,2023-07-14
615,7,43,0,2023-06-16
616,8,34,0,2023-11-28
617,9,36,2,2024-06-27
618,10,34,1,2024-11-21
619,10,39,0,2024-11-29
620,10,35,7,2024-12-05
621,1,29,0,2020-07-15
622,2,25,5,2020-11-23
623,3,26,0,2021-07-12
624,4,31,9,2021-11-13
625,5,27,4,2022-07-10
626,5,26,5,2022-07-14
627,5,28,4,2022-06-21
628,6,29,0,2022-11-23
629,7,33,0,2023-07-03
630,7,33,0,2023-07-07
631,7,26,5,2023-07-11
632,8,29,0,2023-11-14
633,8,25,2,2023-11-19
634,8,29,0,2023-12-08
635,9,28,3,2024-06-17
636,10,29,0,2024-11-14
637,1,11,0,2020-07-10
638,2,13,0,2020-11-21
639,3,16,0,2021-06-24
640,4,16,0,2021-11-24
641,4,14,0,2021-11-16
642,4,12,0,2021-11-17
643,5,7,0,2022-07-05
644,5,13,0,2022-06-23
645,5,12,0,2022-07-03
646,6,20,1,2022-11-23
647,7,20,0,2023-07-01
648,7,11,0,2023-06-26
649,8,14,0,2023-12-03
650,9,19,0,2024-07-04
651,10,14,2,2024-11-30
652,1,30,0,2020-06-23
653,2,31,2,2020-11-24
654,2,35,7,2020-11-12
655,3,26,0,2021-07-12
656,4,26,0,2021-11-22
657,4,29,1,2021-12-01
658,4,32,0,2021-11-23
659,5,27,0,2022-07-11
660,5,30,0,2022-07-13
661,5,25,6,2022-06-20
662,6,28,0,2022-12-09
663,7,26,0,2023-06-16
664,7,33,0,2023-07-03
665,8,25,0,2023-12-06
666,9,33,0,2024-07-14
667,10,28,0,2024-11-29
668,1,25,0,2020-07-06
669,1,26,0,2020-06-17
670,2,19,0,2020-12-04
671,2,20,6,2020-11-11
672,2,23,0,2020-12-09
673,3,27,0,2021-07-10
674,4,18,1,2021-11-27
675,5,25,0,2022-07-14
676,6,17,0,2022-11-21
677,7,23,0,2023-07-14
678,8,18,2,2023-12-11
679,8,21,3,2023-11-18
680,9,21,2,2024-07-09
681,10,17,0,2024-11-29
682,1,32,0,2020-06-19
683,1,40,7,2020-07-01
684,1,30,0,2020-07-01
685,2,30,0,2020-11-19
686,3,35,0,2021-07-07
687,4,34,3,2021-11-23
688,5,35,0,2022-07-06
689,6,35,0,2022-11-11
690,6,36,0,2022-12-11
691,6,31,6,2022-12-03
692,7,36,0,2023-07-16
693,8,35,0,2023-11-15
694,9,31,0,2024-07-09
695,10,32,0,2024-11-12
696,1,136,39,2020-07-02
697,1,133,0,2020-07-04
698,2,136,0,2020-11-23
699,3,141,11,2021-06-16
700,4,143,0,2021-11-21
701,5,138,0,2022-07-09
702,6,140,0,2022-11-11
703,7,135,0,2023-06-24
704,8,134,0,2023-11-25
705,9,135,0,2024-07-11
706,10,143,0,2024-11-11
707,1,55,0,2020-07-10
708,2,52,0,2020-12-04
709,2,47,0,2020-11-29
710,3,54,0,2021-06-16
711,4,34,0,2021-11-12
712,5,50,0,2022-06-23
713,6,49,0,2022-11-12
714,7,50,0,2023-06-17
715,8,53,0,2023-11-26
716,8,54,1,2023-11-23
717,8,55,0,2023-11-11
718,9,55,0,2024-06-21
719,9,49,0,2024-07-05
720,9,50,0,2024-06-22
721,10,45,0,2024-12-01
722,10,55,0,2024-11-21
723,1,32,0,2020-07-04
724,1,26,0,2020-06-21
725,2,22,0,2020-11-18
726,3,17,0,2021-07-10
727,4,32,0,2021-11-17
728,5,32,0,2022-06-25
729,6,24,0,2022-12-05
730,7,29,0,2023-07-08
731,7,26,0,2023-07-01
732,8,24,0,2023-11-12
733,9,25,0,2024-06-27
734,10,26,0,2024-11-27
735,1,120,0,2020-07-07
736,2,118,0,2020-12-04
737,3,116,0,2021-06-28
738,4,119,0,2021-11-19
739,5,115,0,2022-07-14
740,6,113,6,2022-11-23
741,7,120,0,2023-07-13
742,8,113,0,2023-11-23
743,9,113,0,2024-07-10
744,10,115,0,2024-11-26
745,10,120,0,2024-12-03
746,10,112,0,2024-11-15
747,1,21,0,2020-07-11
748,2,21,0,2020-11-17
749,3,20,0,2021-07-06
750,4,23,0,2021-11-20
751,5,25,0,2022-07-08
752,6,20,0,2022-12-05
753,7,17,0,2023-06-18
754,7,19,0,2023-06-30
755,7,23,0,2023-07-01
756,8,25,4,2023-11-15
757,9,22,0,2024-06-30
758,10,15,2,2024-12-08
759,10,17,0,2024-11-20
760,10,15,0,2024-12-04
761,1,114,0,2020-07-06
762,1,109,0,2020-07-13
763,1,113,0,2020-07-07
764,2,114,0,2020-12-07
765,3,104,0,2021-06-30
766,4,110,0,2021-11-29
767,5,106,0,2022-06-16
768,6,104,0,2022-11-29
769,7,109,0,2023-07-08
770,8,106,13,2023-11-30
771,9,113,0,2024-07-12
772,10,111,4,2024-11-23
773,10,107,8,2024-12-11
774,1,98,15,2020-06-29
775,2,93,0,2020-12-11
776,3,100,0,2021-07-05
777,4,94,13,2021-12-07
778,4,100,0,2021-11-11
779,5,94,0,2022-07-12
780,6,103,0,2022-12-01
781,6,97,26,2022-12-02
782,6,93,0,2022-12-07
783,7,97,14,2023-07-14
784,8,94,0,2023-12-05
785,9,103,0,2024-07-16
786,9,98,0,2024-06-22
787,10,97,13,2024-12-01
788,1,28,0,2020-07-04
789,2,28,0,2020-11-28
790,3,30,0,2021-07-14
791,4,25,0,2021-11-30
792,5,23,0,2022-06-30
793,6,32,8,2022-12-03
794,7,25,0,2023-07-13
795,8,32,0,2023-11-28
796,9,25,0,2024-06-18
797,10,30,0,2024-11-26
798,10,27,0,2024-11-23
799,10,23,0,2024-11-16
800,1,42,0,2020-06-24
801,2,38,0,2020-11-22
802,3,42,0,2021-07-14
803,4,36,0,2021-11-19
804,5,43,0,2022-06-20
805,6,41,2,2022-12-10
806,7,41,0,2023-06-24
807,7,35,0,2023-06-26
808,8,38,8,2023-11-27
809,9,41,0,2024-06-17
810,10,36,0,2024-12-04
811,1,26,0,2020-07-05
812,2,22,0,2020-11-18
813,3,22,0,2021-06-21
814,4,17,0,2021-11-11
815,5,26,0,2022-07-02
816,5,21,0,2022-07-09
817,6,27,0,2022-11-24
818,7,17,0,2023-06-28
819,8,26,0,2023-11-24
820,9,22,3,2024-06-25
821,10,17,3,2024-11-24
822,10,27,0,2024-11-17
823,1,37,11,2020-06-27
824,2,42,0,2020-11-22
825,3,39,0,2021-06-17
826,4,39,2,2021-12-06
827,5,36,0,2022-06-17
828,5,45,10,2022-07-05
829,5,43,2,2022-06-27
830,6,38,0,2022-11-16
831,7,36,0,2023-06-16
832,8,33,0,2023-11-25
833,9,38,5,2024-06-27
834,10,44,0,2024-12-04
835,10,41,0,2024-11-14
836,10,40,0,2024-11-18
837,1,25,0,2020-07-08
838,2,26,7,2020-12-11
839,3,23,0,2021-06-18
840,4,28,5,2021-11-30
841,5,22,0,2022-06-27
842,6,20,0,2022-12-04
843,7,20,1,2023-06-26
844,8,23,0,2023-12-01
845,9,26,0,2024-07-10
846,10,28,1,2024-11-18
847,1,22,0,2020-06-30
848,2,6,0,2020-11-11
849,3,14,0,2021-06-30
850,4,18,0,2021-11-29
851,4,16,0,2021-11-24
852,5,17,0,2022-07-06
853,6,21,0,2022-11-19
854,7,22,0,2023-06-18
855,8,19,0,2023-12-11
856,9,18,1,2024-07-13
857,10,20,0,2024-12-08
858,10,19,3,2024-11-16
859,10,14,2,2024-11-15
860,1,40,0,2020-06-17
861,2,43,0,2020-12-04
862,3,42,2,2021-06-23
863,4,37,2,2021-11-26
864,5,34,2,2022-07-03
865,6,34,5,2022-12-01
866,7,41,0,2023-07-02
867,8,33,0,2023-11-12
868,8,35,5,2023-11-26
869,8,38,0,2023-12-10
870,9,43,0,2024-07-12
871,10,42,8,2024-12-09
872,1,129,1,2020-06-22
873,1,126,0,2020-06-28
874,1,123,2,2020-06-23
875,2,122,10,2020-11-22
876,3,131,0,2021-07-15
877,4,124,13,2021-11-30
878,5,129,0,2022-07-09
879,6,128,31,2022-12-10
880,6,130,0,2022-11-11
881,6,121,0,2022-11-13
882,7,122,0,2023-07-01
883,8,125,0,2023-12-07
884,9,126,16,2024-06-18
885,10,121,3,2024-11-15
886,1,28,2,2020-07-04
887,1,35,0,2020-07-01
888,2,37,0,2020-11-17
889,2,30,0,2020-12-07
890,3,33,0,2021-07-10
891,4,29,0,2021-11-16
892,5,27,0,2022-07-10
893,6,35,0,2022-12-10
894,6,30,0,2022-11-25
895,6,33,1,2022-11-23
896,7,32,0,2023-07-01
897,8,16,0,2023-11-12
898,9,28,0,2024-06-19
899,10,32,0,2024-11-23
900,10,31,0,2024-12-03
901,1,92,0,2020-07-03
902,2,98,0,2020-11-18
903,3,90,2,2021-06-30
904,3,96,24,2021-07-10
905,4,88,19,2021-12-08
906,4,90,10,2021-11-18
907,4,88,0,2021-11-14
908,5,96,22,2022-07-05
909,6,93,0,2022-12-02
910,7,96,0,2023-06-28
911,8,91,0,2023-11-22
912,8,98,0,2023-11-11
913,8,93,0,2023-11-13
914,9,92,0,2024-06-16
915,10,91,0,2024-11-21
916,1,51,0,2020-07-05
917,2,49,6,2020-11-11
918,3,49,3,2021-07-04
919,4,55,0,2021-12-09
920,5,48,0,2022-07-06
921,6,51,0,2022-12-02
922,7,49,0,2023-06-30
923,7,56,0,2023-07-14
924,8,48,11,2023-12-03
925,9,53,0,2024-06-16
926,10,50,0,2024-11-29
927,1,34,0,2020-07-05
928,1,33,2,2020-06-22
929,2,31,0,2020-12-09
930,3,38,0,2021-07-14
931,4,39,0,2021-12-04
932,5,30,8,2022-07-14
933,6,38,0,2022-12-02
934,7,35,8,2023-06-29
935,8,35,0,2023-11-21
936,9,35,0,2024-07-03
937,9,30,0,2024-06-19
938,10,39,0,2024-11-23
939,1,25,0,2020-07-02
940,2,28,0,2020-12-11
941,2,26,4,2020-11-20
942,3,26,0,2021-06-30
943,3,26,5,2021-06-29
944,3,29,0,2021-06-19
945,4,23,0,2021-11-25
946,5,27,6,2022-07-02
947,5,32,0,2022-07-02
948,5,33,0,2022-07-14
949,6,24,0,2022-11-26
950,7,26,0,2023-06-25
951,8,28,0,2023-11-30
952,9,23,0,2024-07-11
953,10,26,0,2024-11-15
954,1,38,0,2020-07-09
955,2,45,0,2020-12-06
956,2,40,0,2020-12-04
957,3,42,0,2021-07-04
958,4,45,6,2021-11-17
959,5,37,7,2022-06-28
960,6,44,0,2022-11-16
961,6,37,3,2022-11-30
962,7,41,0,2023-07-16
963,8,45,6,2023-12-06
964,9,40,0,2024-06-22
965,10,44,3,2024-11-12
966,10,37,0,2024-11-27
967,10,40,0,2024-12-03
968,1,25,2,2020-07-07
969,2,23,2,2020-11-16
970,3,23,1,2021-06-21
971,3,30,0,2021-06-25
972,4,22,0,2021-11-14
973,5,28,0,2022-07-12
974,6,29,0,2022-12-06
975,6,25,0,2022-11-21
976,7,25,6,2023-06-29
977,8,23,0,2023-11-26
978,9,25,0,2024-07-06
979,10,23,1,2024-11-24
980,10,29,0,2024-12-05
981,10,24,2,2024-11-18
982,1,33,0,2020-06-29
983,2,38,0,2020-12-05
984,2,38,7,2020-12-02
985,3,43,0,2021-07-13
986,3,37,0,2021-06-25
987,3,42,0,2021-06-29
988,4,43,0,2021-11-18
989,5,41,0,2022-06-18
990,6,38,0,2022-11-20
991,7,42,0,2023-07-15
992,8,31,0,2023-11-23
993,9,40,0,2024-07-14
994,10,38,0,2024-11-26
995,10,43,0,2024-12-09
996,10,35,8,2024-11-28
997,1,112,0,2020-07-15
998,1,116,0,2020-07-10
999,2,115,20,2020-11-17
1000,3,116,0,2021-06-17
1001,3,118,0,2021-06-16
1002,3,119,0,2021-07-05
1003,4,117,0,2021-11-28
1004,5,118,10,2022-07-16
1005,6,119,4,2022-11-27
1006,6,110,0,2022-12-08
1007,7,112,0,2023-07-09
1008,8,115,0,2023-11-16
1009,9,113,0,2024-07-01
1010,10,111,0,2024-12-10
1011,1,57,0,2020-07-01
1012,2,56,4,2020-12-01
1013,3,59,2,2021-06-20
1014,4,58,0,2021-12-11
1015,4,60,0,2021-12-05
1016,5,53,8,2022-06-17
1017,6,57,0,2022-11-19
1018,7,58,3,2023-06-21
1019,8,57,0,2023-11-17
1020,9,61,0,2024-06-24
1021,10,58,0,2024-11-15
1022,10,62,0,2024-11-15
1023,1,24,0,2020-06-16
1024,2,22,0,2020-11-23
1025,3,19,1,2021-06-18
1026,3,25,1,2021-07-03
1027,3,21,1,2021-07-09
1028,4,25,0,2021-11-13
1029,4,21,1,2021-11-15
1030,5,21,0,2022-07-05
1031,6,27,1,2022-12-03
1032,7,19,0,2023-07-14
1033,8,25,6,2023-11-28
1034,9,18,0,2024-07-01
1035,10,23,0,2024-11-30
1036,1,62,0,2020-06-23
1037,2,58,0,2020-11-13
1038,3,60,0,2021-07-03
1039,3,63,0,2021-06-28
1040,3,65,0,2021-06-29
1041,4,63,17,2021-11-27
1042,5,55,0,2022-06-23
1043,6,56,0,2022-12-04
1044,7,59,11,2023-06-22
1045,8,59,0,2023-11-21
1046,9,57,2,2024-06-22
1047,10,60,0,2024-12-11
1048,1,116,8,2020-06-20
1049,2,124,0,2020-11-19
1050,3,117,3,2021-07-06
1051,4,117,31,2021-11-30
1052,5,116,0,2022-06-27
1053,5,116,0,2022-07-08
1054,6,119,0,2022-12-02
1055,7,123,0,2023-06-29
1056,8,114,11,2023-11-28
1057,8,121,0,2023-12-05
1058,9,119,0,2024-06-21
1059,10,122,0,2024-11-12
1060,1,52,0,2020-06-21
1061,1,50,2,2020-07-11
1062,2,55,0,2020-11-21
1063,3,57,0,2021-06-29
1064,4,54,0,2021-11-27
1065,5,52,0,2022-07-15
1066,6,57,0,2022-11-24
1067,7,56,8,2023-06-30
1068,8,50,0,2023-12-02
1069,8,57,0,2023-11-27
1070,8,51,0,2023-11-27
1071,9,54,13,2024-06-25
1072,10,54,0,2024-12-04
1073,1,26,0,2020-07-06
1074,1,24,0,2020-07-16
1075,2,26,0,2020-11-25
1076,3,26,0,2021-07-08
1077,4,25,0,2021-11-16
1078,5,26,4,2022-06-16
1079,6,26,0,2022-12-07
1080,7,28,1,2023-07-08
1081,8,22,0,2023-11-24
1082,9,25,0,2024-07-11
1083,10,30,0,2024-12-06
1084,1,84,0,2020-07-11
1085,2,87,0,2020-12-08
1086,3,89,0,2021-07-13
1087,4,85,0,2021-11-12
1088,5,83,0,2022-06-29
1089,6,80,7,2022-11-18
1090,7,83,13,2023-07-02
1091,8,84,0,2023-12-09
1092,8,84,0,2023-12-04
1093,9,86,0,2024-06-30
1094,10,83,0,2024-11-23
1095,1,148,0,2020-07-13
1096,2,148,30,2020-11-14
1097,3,145,0,2021-06-22
1098,4,141,0,2021-12-09
1099,5,149,0,2022-06-16
1100,6,150,35,2022-11-20
1101,7,146,31,2023-07-06
1102,8,141,0,2023-11-12
1103,8,149,0,2023-12-07
1104,8,145,0,2023-12-10
1105,9,142,0,2024-07-12
1106,10,144,9,2024-12-11
1107,10,147,27,2024-12-09
1108,1,34,6,2020-06-24
1109,2,37,0,2020-11-15
1110,3,37,0,2021-07-02
1111,4,34,0,2021-12-03
1112,5,33,0,2022-06-26
1113,6,38,5,2022-12-03
1114,6,35,0,2022-11-16
1115,6,35,0,2022-11-20
1116,7,40,0,2023-07-02
1117,7,37,0,2023-07-03
1118,8,15,0,2023-11-12
1119,9,37,0,2024-06-19
1120,10,18,0,2024-11-19
1121,1,29,0,2020-06-27
1122,2,32,0,2020-12-08
1123,3,31,0,2021-07-16
1124,4,29,0,2021-11-12
1125,4,36,6,2021-11-16
1126,5,32,1,2022-07-06
1127,5,30,0,2022-07-08
1128,6,39,0,2022-12-05
1129,7,31,0,2023-06-22
1130,8,31,0,2023-11-13
1131,9,37,0,2024-07-14
1132,10,36,9,2024-11-30
1133,1,60,0,2020-07-01
1134,1,49,0,2020-07-15
1135,1,36,0,2020-06-30
1136,2,62,0,2020-11-30
1137,3,60,0,2021-06-26
1138,3,59,0,2021-07-08
1139,3,57,0,2021-07-14
1140,4,59,0,2021-11-21
1141,4,62,0,2021-12-04
1142,4,42,0,2021-12-01
1143,5,57,0,2022-07-14
1144,5,58,0,2022-07-11
1145,6,58,5,2022-12-11
1146,6,62,0,2022-12-08
1147,6,64,0,2022-11-23
1148,7,60,0,2023-06-28
1149,8,56,0,2023-11-12
1150,9,58,9,2024-06-17
1151,9,58,3,2024-07-11
1152,10,61,0,2024-12-10
1153,1,27,7,2020-06-16
1154,2,27,0,2020-12-10
1155,3,23,0,2021-06-24
1156,3,23,0,2021-07-03
1157,4,23,0,2021-11-27
1158,5,26,0,2022-07-14
1159,5,19,1,2022-06-28
1160,5,21,0,2022-07-14
1161,6,26,1,2022-11-30
1162,6,21,1,2022-11-29
1163,7,28,0,2023-07-08
1164,8,24,0,2023-11-30
1165,9,27,0,2024-07-08
1166,10,28,1,2024-11-24
1167,1,33,0,2020-06-17
1168,1,30,5,2020-06-16
1169,2,30,0,2020-11-11
1170,3,33,0,2021-07-05
1171,4,35,0,2021-11-29
1172,5,28,0,2022-07-05
1173,6,33,0,2022-11-16
1174,7,30,0,2023-06-28
1175,8,29,0,2023-12-07
1176,8,33,0,2023-12-03
1177,9,28,0,2024-06-16
1178,9,29,2,2024-06-24
1179,10,30,0,2024-12-11
1180,1,110,24,2020-06-23
1181,1,113,0,2020-07-03
1182,1,111,0,2020-06-26
1183,2,117,29,2020-11-27
1184,2,109,23,2020-11-15
1185,2,113,0,2020-12-10
1186,3,117,0,2021-07-13
1187,4,108,0,2021-11-19
1188,5,108,0,2022-07-11
1189,6,114,0,2022-11-22
1190,7,111,0,2023-06-24
1191,8,108,0,2023-11-16
1192,9,112,4,2024-06-29
1193,10,117,0,2024-11-29
1194,1,27,0,2020-06-29
1195,2,50,0,2020-11-28
1196,3,45,4,2021-06-24
1197,4,50,9,2021-11-20
1198,5,51,0,2022-07-15
1199,6,48,0,2022-11-16
1200,6,52,0,2022-11-15
1201,6,46,11,2022-12-09
1202,7,49,0,2023-07-01
1203,8,52,11,2023-11-20
1204,9,47,0,2024-06-28
1205,10,49,8,2024-11-16
1206,1,39,11,2020-07-14
1207,1,36,0,2020-06-28
1208,1,42,10,2020-06-22
1209,2,35,0,2020-11-21
1210,3,40,0,2021-07-13
1211,4,36,0,2021-12-04
1212,5,34,0,2022-06-28
1213,6,37,0,2022-11-24
1214,6,22,0,2022-12-09
1215,7,38,0,2023-07-06
1216,8,36,4,2023-12-09
1217,9,41,0,2024-06-23
1218,10,35,6,2024-11-22
1219,1,29,0,2020-07-09
1220,2,27,5,2020-11-22
1221,3,17,0,2021-07-08
1222,4,23,0,2021-11-24
1223,5,33,0,2022-06-20
1224,6,23,4,2022-12-07
1225,7,29,0,2023-06-24
1226,8,30,0,2023-11-28
1227,8,24,0,2023-12-05
1228,8,31,0,2023-11-11
1229,9,23,6,2024-07-06
1230,10,27,2,2024-11-15
1231,1,82,0,2020-07-13
1232,2,85,0,2020-11-15
1233,3,88,0,2021-07-15
1234,4,86,0,2021-12-10
1235,5,67,0,2022-07-11
1236,6,85,0,2022-11-12
1237,7,88,0,2023-07-13
1238,8,90,0,2023-11-16
1239,9,82,0,2024-06-18
1240,10,78,0,2024-11-18
1241,1,58,10,2020-07-02
1242,1,52,3,2020-07-07
1243,2,57,0,2020-11-18
1244,3,51,0,2021-06-27
1245,4,54,0,2021-11-26
1246,5,50,0,2022-07-04
1247,6,51,10,2022-11-17
1248,7,55,0,2023-07-05
1249,8,41,0,2023-12-09
1250,9,50,10,2024-06-27
1251,9,49,0,2024-07-04
1252,10,58,6,2024-11-29
1253,1,28,0,2020-06-23
1254,2,33,0,2020-12-02
1255,3,35,0,2021-06-25
1256,4,34,0,2021-11-13
1257,5,31,0,2022-07-01
1258,5,28,3,2022-07-16
1259,6,33,0,2022-11-17
1260,7,37,0,2023-06-21
1261,7,33,0,2023-07-06
1262,7,34,0,2023-06-19
1263,8,34,0,2023-12-08
1264,9,37,0,2024-06-19
1265,10,28,0,2024-11-24
1266,1,25,0,2020-06-17
1267,2,25,0,2020-11-11
1268,3,35,0,2021-06-24
1269,4,31,0,2021-11-16
1270,5,31,0,2022-06-27
1271,6,33,4,2022-12-08
1272,7,32,6,2023-06-17
1273,8,27,0,2023-12-03
1274,9,30,0,2024-06-27
1275,10,27,4,2024-11-12
1276,1,126,0,2020-06-21
1277,2,128,0,2020-11-11
1278,3,124,0,2021-07-16
1279,4,133,0,2021-11-25
1280,5,129,0,2022-06-22
1281,6,125,6,2022-12-11
1282,7,125,0,2023-07-03
1283,8,125,0,2023-11-30
1284,9,129,0,2024-07-04
1285,9,130,0,2024-06-28
1286,10,126,0,2024-11-23
1287,10,127,3,2024-11-17
1288,1,41,0,2020-07-05
1289,2,41,0,2020-11-28
1290,3,39,0,2021-07-13
1291,4,43,0,2021-11-29
1292,5,42,0,2022-06-29
1293,6,37,9,2022-11-23
1294,7,34,0,2023-06-23
1295,7,44,8,2023-06-21
1296,7,38,0,2023-06-22
1297,8,36,8,2023-11-24
1298,8,38,6,2023-12-08
1299,8,43,0,2023-12-10
1300,9,43,0,2024-07-03
1301,9,35,0,2024-06-27
1302,9,39,4,2024-07-10
1303,10,42,0,2024-11-16
1304,1,23,0,2020-07-16
1305,2,27,0,2020-11-22
1306,3,31,0,2021-07-01
1307,4,32,0,2021-11-22
1308,5,31,0,2022-06-24
1309,6,27,0,2022-11-25
1310,7,31,0,2023-07-05
1311,8,27,0,2023-12-08
1312,9,29,0,2024-07-01
1313,10,26,0,2024-11-15
1314,1,38,0,2020-07-14
1315,1,31,5,2020-07-03
1316,1,34,10,2020-06-19
1317,2,38,0,2020-12-06
1318,3,32,0,2021-07-08
1319,4,36,0,2021-12-08
1320,5,13,0,2022-06-25
1321,6,37,0,2022-12-03
1322,7,31,0,2023-07-05
1323,8,35,0,2023-11-11
1324,9,35,0,2024-06-25
1325,10,36,1,2024-11-12
1326,1,26,0,2020-07-10
1327,2,24,0,2020-11-25
1328,3,25,0,2021-07-14
1329,4,25,0,2021-11-15
1330,5,24,0,2022-07-03
1331,5,26,0,2022-07-02
1332,6,29,0,2022-11-16
1333,7,24,0,2023-07-05
1334,7,20,0,2023-06-24
1335,8,25,0,2023-11-12
1336,8,23,0,2023-11-25
1337,9,20,0,2024-06-22
1338,9,25,0,2024-06-20
1339,9,27,0,2024-06-27
1340,10,28,0,2024-11-17
1341,10,22,0,2024-11-20
1342,10,30,0,2024-11-24
1343,1,144,0,2020-07-12
1344,2,138,9,2020-11-21
1345,3,147,0,2021-06-21
1346,4,137,0,2021-12-11
1347,5,141,25,2022-06-16
1348,6,142,0,2022-12-08
1349,7,129,0,2023-06-21
1350,8,144,0,2023-11-23
1351,9,139,8,2024-06-23
1352,10,140,0,2024-12-08
1353,10,145,0,2024-11-16
1354,1,13,0,2020-06-27
1355,1,18,0,2020-06-20
1356,1,22,0,2020-06-24
1357,2,24,0,2020-11-26
1358,2,18,2,2020-11-16
1359,3,19,0,2021-07-15
1360,3,26,0,2021-07-11
1361,3,22,0,2021-06-23
1362,4,20,1,2021-11-26
1363,5,18,0,2022-07-15
1364,6,18,4,2022-11-26
1365,6,27,8,2022-12-08
1366,6,24,0,2022-12-07
1367,7,19,2,2023-07-10
1368,8,23,0,2023-11-16
1369,9,22,0,2024-07-12
1370,10,18,0,2024-11-15
1371,1,48,0,2020-06-28
1372,2,50,0,2020-11-28
1373,3,47,1,2021-06-30
1374,4,51,10,2021-12-08
1375,5,47,0,2022-06-17
1376,6,44,0,2022-12-03
1377,7,46,0,2023-07-03
1378,8,50,0,2023-11-20
1379,9,46,9,2024-07-04
1380,10,51,0,2024-11-23
1381,1,34,0,2020-07-04
1382,2,36,0,2020-11-20
1383,3,33,0,2021-06-20
1384,3,32,0,2021-06-20
1385,3,41,0,2021-07-02
1386,4,41,0,2021-11-17
1387,5,40,4,2022-07-06
1388,5,33,0,2022-07-08
1389,6,35,0,2022-11-19
1390,7,34,3,2023-06-16
1391,8,35,0,2023-11-13
1392,9,37,0,2024-07-16
1393,10,40,7,2024-11-11
1394,1,31,0,2020-07-15
1395,2,25,0,2020-12-11
1396,2,30,2,2020-12-07
1397,3,28,0,2021-06-22
1398,4,35,3,2021-11-27
1399,5,31,0,2022-06-23
1400,6,27,1,2022-11-26
1401,7,30,8,2023-07-16
1402,7,29,2,2023-06-16
1403,7,27,0,2023-07-02
1404,8,27,0,2023-11-25
1405,9,27,0,2024-06-18
1406,10,31,0,2024-11-30
1407,1,34,2,2020-07-13
1408,2,33,0,2020-11-28
1409,3,24,0,2021-06-23
1410,4,37,0,2021-12-08
1411,5,36,0,2022-07-11
1412,6,37,0,2022-12-04
1413,7,37,4,2023-07-13
1414,8,37,5,2023-11-12
1415,9,35,0,2024-07-15
1416,9,36,0,2024-06-22
1417,9,31,0,2024-06-19
1418,10,38,3,2024-11-24
1419,1,40,0,2020-07-13
1420,2,39,0,2020-11-20
1421,2,38,0,2020-12-10
1422,2,40,0,2020-11-30
1423,3,35,0,2021-07-10
1424,4,40,0,2021-11-24
1425,4,41,0,2021-12-08
1426,4,33,0,2021-11-18
1427,5,35,0,2022-06-16
1428,6,32,0,2022-12-04
1429,6,32,0,2022-11-16
1430,6,33,0,2022-11-17
1431,7,35,7,2023-07-06
1432,8,40,0,2023-12-03
1433,8,41,0,2023-12-01
1434,9,27,0,2024-07-06
1435,10,39,0,2024-11-21
1436,1,56,0,2020-06-20
1437,2,60,0,2020-11-15
1438,3,64,0,2021-07-15
1439,4,59,0,2021-11-15
1440,5,55,0,2022-06-30
1441,6,61,0,2022-12-07
1442,7,62,0,2023-06-23
1443,8,60,0,2023-11-26
1444,9,54,0,2024-06-25
1445,9,60,0,2024-06-27
1446,9,62,0,2024-07-16
1447,10,60,0,2024-11-30
1448,10,58,6,2024-11-26
1449,10,58,3,2024-11-15
1450,1,20,0,2020-06-27
1451,2,19,0,2020-11-15
1452,3,19,0,2021-06-28
1453,4,14,0,2021-12-11
1454,5,14,0,2022-07-02
1455,6,24,0,2022-12-03
1456,7,18,0,2023-06-17
1457,8,14,3,2023-11-22
1458,8,17,4,2023-12-06
1459,9,15,1,2024-07-12
1460,9,20,0,2024-07-01
1461,10,16,4,2024-11-30
1462,1,85,25,2020-07-14
1463,1,88,8,2020-07-11
1464,1,84,0,2020-06-18
1465,2,83,0,2020-11-20
1466,3,82,8,2021-07-10
1467,4,78,0,2021-11-18
1468,5,85,0,2022-06-22
1469,5,84,15,2022-07-07
1470,6,80,0,2022-11-27
1471,7,88,0,2023-07-04
1472,8,79,0,2023-11-29
1473,9,85,0,2024-07-11
1474,9,80,0,2024-06-19
1475,9,78,0,2024-07-15
1476,10,80,0,2024-11-14
1477,1,144,0,2020-07-13
1478,2,142,0,2020-12-05
1479,3,136,6,2021-07-06
1480,4,136,0,2021-11-25
1481,4,140,0,2021-12-11
1482,4,139,21,2021-11-14
1483,5,145,12,2022-07-05
1484,6,140,0,2022-11-13
1485,7,139,0,2023-07-11
1486,8,141,26,2023-12-11
1487,8,139,0,2023-12-10
1488,9,145,0,2024-07-12
1489,10,145,0,2024-12-11
1490,1,24,0,2020-07-15
1491,1,30,0,2020-07-02
1492,2,29,0,2020-11-14
1493,3,26,0,2021-07-07
1494,4,26,4,2021-11-20
1495,5,24,0,2022-07-07
1496,6,31,0,2022-12-11
1497,7,24,0,2023-07-07
1498,8,28,0,2023-11-23
1499,9,30,0,2024-07-12
1500,10,23,1,2024-11-22
1501,1,58,0,2020-07-08
1502,2,63,0,2020-12-10
1503,3,55,0,2021-07-02
1504,3,59,0,2021-06-18
1505,4,55,2,2021-11-30
1506,5,59,0,2022-06-24
1507,6,59,0,2022-11-29
1508,7,60,0,2023-06-28
1509,8,56,0,2023-12-08
1510,9,54,1,2024-06-22
1511,10,59,0,2024-11-29
1512,1,40,8,2020-07-04
1513,2,41,0,2020-12-07
1514,2,49,0,2020-11-18
1515,3,45,0,2021-07-16
1516,4,50,0,2021-11-15
1517,5,43,0,2022-07-09
1518,6,49,10,2022-12-02
1519,7,41,0,2023-07-06
1520,8,40,7,2023-11-22
1521,9,49,0,2024-07-09
1522,9,48,0,2024-07-02
1523,10,50,0,2024-12-08
1524,1,116,19,2020-06-17
1525,1,121,0,2020-06-17
1526,2,114,0,2020-11-13
1527,3,117,0,2021-07-07
1528,4,121,0,2021-11-11
1529,5,122,25,2022-06-19
1530,6,121,4,2022-11-21
1531,7,121,0,2023-06-26
1532,7,119,0,2023-06-21
1533,8,119,0,2023-12-07
1534,9,115,23,2024-07-15
1535,10,117,0,2024-11-19
1536,1,13,2,2020-06-22
1537,1,16,3,2020-06-19
1538,1,15,1,2020-07-09
1539,2,23,0,2020-12-02
1540,2,16,0,2020-12-06
1541,3,17,3,2021-07-03
1542,3,20,6,2021-06-27
1543,4,16,0,2021-11-26
1544,4,15,0,2021-11-16
1545,4,15,2,2021-11-29
1546,5,14,0,2022-06-23
1547,6,16,0,2022-12-05
1548,7,15,0,2023-07-01
1549,8,16,2,2023-12-10
1550,9,16,0,2024-06-27
1551,10,13,1,2024-11-21
1552,8,28,4,2023-11-22
1553,9,33,0,2024-06-26
1554,8,119,0,2023-11-11
1555,10,116,0,2024-12-09
1556,4,87,0,2021-11-22
1557,3,84,0,2021-06-21
1558,6,93,0,2022-11-11
1559,10,90,0,2024-11-28
1560,1,89,0,2020-07-05
1561,8,93,0,2023-12-10
1562,2,52,0,2020-12-01
1563,7,51,0,2023-06-26
1564,2,34,0,2020-11-13
1565,6,39,2,2022-11-16
1566,6,40,0,2022-11-30
1567,8,45,7,2023-12-01
1568,1,36,6,2020-07-09
1569,3,15,0,2021-06-18
1570,6,17,0,2022-11-22
1571,4,18,0,2021-12-02
1572,6,23,0,2022-11-24
1573,2,33,0,2020-11-20
1574,6,33,0,2022-11-30
1575,9,42,0,2024-06-18
1576,10,45,0,2024-11-13
1577,5,38,0,2022-07-05
1578,7,17,2,2023-07-16
1579,3,15,0,2021-07-05
1580,8,15,2,2023-11-23
1581,3,12,0,2021-07-11
1582,8,16,0,2023-12-06
1583,6,20,0,2022-11-11
1584,2,38,0,2020-11-22
1585,1,40,0,2020-07-05
1586,6,22,6,2022-11-30
1587,8,17,0,2023-11-15
1588,9,19,2,2024-07-16
1589,5,150,15,2022-06-25
1590,1,147,0,2020-07-11
1591,3,150,0,2021-06-23
1592,3,146,0,2021-07-13
1593,10,148,0,2024-11-19
1594,5,40,0,2022-06-25
1595,6,37,6,2022-11-26
1596,3,42,1,2021-06-27
1597,9,39,0,2024-07-10
1598,3,45,0,2021-06-20
1599,5,43,0,2022-06-27
1600,5,56,0,2022-07-08
1601,8,56,0,2023-11-26
1602,10,52,14,2024-12-03
1603,1,129,0,2020-06-16
1604,3,134,0,2021-06-26
1605,2,130,26,2020-11-29
1606,10,59,0,2024-12-01
1607,4,54,0,2021-12-02
1608,9,133,30,2024-07-03
1609,8,131,0,2023-11-30
1610,6,103,0,2022-11-27
1611,9,95,0,2024-06-23
1612,1,98,24,2020-06-27
1613,5,123,0,2022-07-10
1614,6,126,0,2022-11-24
1615,7,100,3,2023-07-11
1616,8,73,0,2023-11-25
1617,5,107,0,2022-06-24
1618,5,136,0,2022-07-15
1619,8,137,0,2023-11-21
1620,7,123,21,2023-06-30
1621,5,124,0,2022-06-19
1622,4,137,0,2021-11-28
1623,3,138,0,2021-07-06
1624,8,28,0,2023-12-03
1625,9,27,2,2024-07-07
1626,10,30,0,2024-12-03
1627,5,27,0,2022-07-10
1628,7,42,0,2023-06-19
1629,5,49,0,2022-07-12
1630,8,53,0,2023-11-22
1631,5,59,0,2022-06-27
1632,8,63,9,2023-12-08
1633,2,56,0,2020-11-19
1634,6,50,0,2022-11-13
1635,8,48,14,2023-11-16
1636,6,20,0,2022-11-22
1637,1,17,0,2020-06-29
1638,5,26,0,2022-06-25
1639,9,39,0,2024-06-19
1640,6,38,0,2022-12-11
1641,2,55,0,2020-12-05
1642,9,61,0,2024-06-17
1643,6,60,0,2022-12-07
1644,2,41,3,2020-12-04
1645,4,42,3,2021-12-04
1646,7,17,0,2023-06-21
1647,8,14,0,2023-11-23
1648,6,48,0,2022-11-14
1649,3,41,0,2021-07-15
1650,8,39,0,2023-11-24
1651,3,33,0,2021-06-25
1652,10,33,0,2024-11-16
1653,2,21,0,2020-12-07
1654,10,17,0,2024-12-10
1655,1,24,0,2020-06-24
1656,8,28,0,2023-11-28
1657,2,17,0,2020-12-05
1658,2,38,0,2020-12-05
1659,4,43,0,2021-11-25
1660,3,31,0,2021-06-30
1661,5,24,0,2022-06-22
1662,9,14,0,2024-07-04
1663,2,21,0,2020-11-14
1664,5,36,0,2022-06-28
1665,3,29,7,2021-07-10
1666,6,37,0,2022-11-30
1667,3,37,0,2021-06-22
1668,8,35,4,2023-12-04
1669,2,40,0,2020-11-16
1670,6,35,0,2022-11-18
1671,10,37,0,2024-11-12
1672,2,39,0,2020-11-24
1673,6,36,0,2022-11-13
1674,8,23,0,2023-12-07
1675,4,13,0,2021-11-28
1676,7,24,0,2023-07-13
1677,2,35,3,2020-12-01
1678,7,28,0,2023-07-09
1679,8,33,0,2023-11-30
1680,3,21,0,2021-07-13
1681,2,19,0,2020-11-13
1682,4,41,10,2021-11-16
1683,7,43,0,2023-07-02
1684,6,32,0,2022-12-01
1685,8,14,0,2023-11-16
1686,7,26,4,2023-06-22
1687,4,34,0,2021-12-05
1688,3,34,1,2021-07-07
1689,1,33,5,2020-07-15
1690,3,43,5,2021-07-09
1691,5,49,10,2022-06-25
1692,2,46,0,2020-11-15
1693,9,27,0,2024-07-11
1694,5,19,3,2022-06-24
1695,6,25,0,2022-12-11
1696,8,35,4,2023-11-28
1697,10,45,0,2024-12-07
1698,1,37,0,2020-06-19
1699,5,24,4,2022-06-16
1700,7,27,0,2023-07-12
1701,8,40,0,2023-11-28
1702,9,36,0,2024-06-26
1703,3,37,0,2021-07-05
1704,5,50,0,2022-06-19
1705,6,52,0,2022-11-28
1706,1,59,15,2020-06-22
1707,7,23,0,2023-06-17
1708,2,23,0,2020-11-19
1709,10,21,4,2024-11-11
1710,10,26,0,2024-12-04
1711,2,24,0,2020-11-17
1712,9,27,0,2024-06-21
1713,10,27,0,2024-11-26
1714,9,28,0,2024-06-18
1715,7,28,0,2023-07-04
1716,6,53,0,2022-11-15
1717,2,55,5,2020-11-18
1718,8,60,0,2023-11-20
1719,10,42,0,2024-11-28
1720,5,44,0,2022-06-28
1721,5,44,0,2022-07-08
1722,10,40,0,2024-12-03
1723,10,39,0,2024-11-14
1724,2,35,5,2020-11-21
1725,7,36,1,2023-07-12
1726,4,25,0,2021-11-18
1727,6,45,0,2022-11-13
1728,7,59,0,2023-06-25
1729,10,62,0,2024-12-09
1730,1,147,5,2020-07-07
1731,9,148,35,2024-07-02
1732,5,38,0,2022-07-01
1733,9,33,1,2024-06-17
1734,7,38,0,2023-07-13
1735,3,24,0,2021-07-11
1736,5,19,0,2022-07-14
1737,5,30,0,2022-06-30
1738,10,29,0,2024-12-11
1739,3,27,0,2021-06-22
1740,4,32,0,2021-11-29
1741,5,31,0,2022-06-20
1742,4,56,0,2021-11-25
1743,3,56,0,2021-06-25
1744,1,17,0,2020-07-13
1745,8,22,0,2023-11-26
1746,7,54,0,2023-07-08
1747,6,50,0,2022-11-11
