section_id,course_id,term_id,section_number,capacity,instructor_name
1,24,1,1,94,Michael Rodriguez
2,24,2,1,99,Jane Miller
3,24,2,2,94,James Miller
4,24,2,3,89,David Martinez
5,24,3,1,90,Ashley Rodriguez
6,24,4,1,99,Jessica Brown
7,24,5,1,94,William Garcia
8,24,6,1,98,Sarah Miller
9,24,6,2,97,Ashley Martinez
10,24,6,3,99,James Rodriguez
11,24,7,1,89,Michael Jones
12,24,7,2,93,Emily Garcia
13,24,7,3,89,Michael Williams
14,24,8,1,95,Jane Williams
15,24,9,1,89,Jane Lopez
16,24,10,1,95,Robert Davis
17,170,1,1,110,David Lopez
18,170,2,1,114,Ashley Johnson
19,170,3,1,107,Michael Martinez
20,170,4,1,109,Jessica Hernandez
21,170,4,2,111,Jessica Martinez
22,170,5,1,109,Sarah Rodriguez
23,170,6,1,106,David Hernandez
24,170,6,2,115,Ashley Davis
25,170,6,3,113,James Jones
26,170,7,1,114,John Smith
27,170,7,2,108,David Brown
28,170,7,3,107,David Jones
29,170,8,1,105,Jessica Lopez
30,170,9,1,107,Robert Rodriguez
31,170,10,1,113,William Hernandez
32,55,1,1,96,Robert Lopez
33,55,2,1,102,Jane Garcia
34,55,2,2,104,Robert Martinez
35,55,3,1,105,Robert Jones
36,55,4,1,100,Michael Martinez
37,55,4,2,102,Amanda Garcia
38,55,5,1,98,Robert Martinez
39,55,5,2,101,William Johnson
40,55,6,1,99,Amanda Garcia
41,55,7,1,97,Jane Rodriguez
42,55,8,1,103,William Brown
43,55,9,1,100,Emily Lopez
44,55,10,1,105,Michael Brown
45,165,1,1,42,Michael Martinez
46,165,1,2,41,James Johnson
47,165,1,3,41,James Davis
48,165,2,1,48,Ashley Davis
49,165,3,1,48,James Hernandez
50,165,4,1,44,James Garcia
51,165,5,1,46,Jessica Hernandez
52,165,5,2,43,David Martinez
53,165,6,1,43,Jessica Davis
54,165,6,2,39,John Garcia
55,165,7,1,40,James Johnson
56,165,8,1,47,Robert Davis
57,165,9,1,39,Jessica Martinez
58,165,10,1,44,Ashley Davis
59,164,1,1,41,Jessica Johnson
60,164,2,1,46,Amanda Johnson
61,164,3,1,43,John Brown
62,164,4,1,48,William Rodriguez
63,164,5,1,46,Emily Jones
64,164,6,1,46,James Martinez
65,164,7,1,42,Emily Johnson
66,164,7,2,49,James Miller
67,164,7,3,45,David Lopez
68,164,8,1,50,Michael Garcia
69,164,9,1,46,David Hernandez
70,164,9,2,51,Robert Williams
71,164,10,1,42,David Rodriguez
72,153,1,1,23,Michael Hernandez
73,153,2,1,28,William Johnson
74,153,3,1,24,William Garcia
75,153,4,1,20,Sarah Garcia
76,153,4,2,25,Sarah Brown
77,153,4,3,20,Michael Johnson
78,153,5,1,19,William Rodriguez
79,153,6,1,26,John Hernandez
80,153,7,1,27,Michael Martinez
81,153,8,1,20,Michael Lopez
82,153,9,1,20,Amanda Davis
83,153,10,1,28,Amanda Brown
84,153,10,2,25,Ashley Jones
85,153,10,3,25,Sarah Rodriguez
86,6,1,1,77,Sarah Garcia
87,6,2,1,79,Jessica Davis
88,6,3,1,76,William Rodriguez
89,6,4,1,72,Sarah Martinez
90,6,5,1,70,James Davis
91,6,5,2,75,William Johnson
92,6,5,3,78,Jane Jones
93,6,6,1,74,Jessica Rodriguez
94,6,6,2,72,Robert Johnson
95,6,7,1,73,Jessica Garcia
96,6,8,1,76,John Miller
97,6,9,1,73,Robert Johnson
98,6,10,1,70,Emily Johnson
99,13,1,1,142,Emily Williams
100,13,2,1,139,Amanda Williams
101,13,2,2,139,Jessica Martinez
102,13,2,3,132,Jane Smith
103,13,3,1,134,William Lopez
104,13,4,1,138,Jane Jones
105,13,5,1,133,John Brown
106,13,6,1,141,Jessica Johnson
107,13,7,1,141,William Smith
108,13,7,2,142,William Martinez
109,13,7,3,135,Amanda Williams
110,13,8,1,132,Ashley Garcia
111,13,9,1,138,Michael Hernandez
112,13,10,1,140,Emily Johnson
113,86,1,1,29,William Rodriguez
114,86,2,1,27,Jessica Smith
115,86,3,1,26,David Lopez
116,86,4,1,26,Sarah Lopez
117,86,4,2,31,James Johnson
118,86,5,1,26,Michael Smith
119,86,6,1,26,James Williams
120,86,7,1,31,Jessica Lopez
121,86,8,1,23,Michael Johnson
122,86,9,1,28,John Jones
123,86,10,1,24,John Garcia
124,63,1,1,52,Robert Rodriguez
125,63,2,1,44,James Brown
126,63,3,1,44,James Garcia
127,63,4,1,49,Robert Miller
128,63,5,1,50,Emily Williams
129,63,6,1,51,Emily Rodriguez
130,63,7,1,45,Amanda Miller
131,63,8,1,52,David Garcia
132,63,8,2,45,Jane Garcia
133,63,9,1,48,Jessica Martinez
134,63,10,1,46,Amanda Davis
135,33,1,1,11,Amanda Garcia
136,33,2,1,17,David Hernandez
137,33,3,1,11,Jane Hernandez
138,33,4,1,16,William Lopez
139,33,5,1,11,Michael Martinez
140,33,6,1,18,John Williams
141,33,7,1,16,Robert Martinez
142,33,7,2,11,Ashley Williams
143,33,7,3,21,Jessica Garcia
144,33,8,1,12,Ashley Williams
145,33,9,1,17,Emily Hernandez
146,33,10,1,12,John Lopez
147,145,1,1,59,Jane Jones
148,145,1,2,55,Amanda Davis
149,145,1,3,54,Ashley Jones
150,145,2,1,58,Sarah Johnson
151,145,3,1,58,Michael Lopez
152,145,3,2,58,Jane Hernandez
153,145,4,1,56,James Garcia
154,145,5,1,59,William Jones
155,145,6,1,53,Amanda Lopez
156,145,7,1,61,Michael Garcia
157,145,8,1,52,Sarah Williams
158,145,9,1,58,John Garcia
159,145,10,1,56,Jessica Rodriguez
160,53,1,1,95,David Miller
161,53,1,2,101,William Miller
162,53,2,1,103,Jane Williams
163,53,3,1,104,Jane Davis
164,53,4,1,102,Emily Williams
165,53,5,1,102,James Martinez
166,53,6,1,100,William Smith
167,53,6,2,95,William Williams
168,53,7,1,96,Emily Lopez
169,53,8,1,102,David Johnson
170,53,9,1,104,William Jones
171,53,10,1,103,William Johnson
172,53,10,2,102,James Williams
173,53,10,3,103,Ashley Williams
174,18,1,1,144,John Smith
175,18,1,2,136,John Hernandez
176,18,1,3,144,David Hernandez
177,18,2,1,144,Robert Martinez
178,18,3,1,142,James Rodriguez
179,18,4,1,139,Jessica Brown
180,18,5,1,145,Robert Jones
181,18,6,1,135,Michael Davis
182,18,7,1,142,Sarah Garcia
183,18,8,1,140,Amanda Garcia
184,18,9,1,140,Robert Williams
185,18,10,1,143,William Johnson
186,142,1,1,40,Jane Jones
187,142,2,1,35,Jane Smith
188,142,3,1,39,Ashley Miller
189,142,4,1,35,Emily Martinez
190,142,5,1,36,Michael Davis
191,142,6,1,40,Jessica Jones
192,142,7,1,34,Robert Rodriguez
193,142,8,1,36,Sarah Martinez
194,142,9,1,33,David Davis
195,142,10,1,43,James Davis
196,54,1,1,144,Jane Miller
197,54,2,1,149,Robert Garcia
198,54,2,2,144,Robert Smith
199,54,2,3,153,William Brown
200,54,3,1,148,Jane Miller
201,54,4,1,152,David Martinez
202,54,5,1,145,Michael Johnson
203,54,6,1,149,William Garcia
204,54,7,1,147,Ashley Rodriguez
205,54,8,1,144,John Smith
206,54,9,1,151,William Davis
207,54,9,2,146,Ashley Rodriguez
208,54,9,3,146,Emily Martinez
209,54,10,1,150,Ashley Lopez
210,151,1,1,49,Emily Rodriguez
211,151,2,1,48,Jessica Lopez
212,151,3,1,47,John Garcia
213,151,4,1,41,Robert Martinez
214,151,5,1,50,John Martinez
215,151,6,1,50,Ashley Martinez
216,151,7,1,40,Ashley Davis
217,151,8,1,42,James Brown
218,151,8,2,40,Ashley Lopez
219,151,8,3,41,Sarah Smith
220,151,9,1,46,Michael Miller
221,151,10,1,46,William Martinez
222,56,1,1,112,Amanda Williams
223,56,2,1,120,Emily Hernandez
224,56,3,1,118,Emily Williams
225,56,4,1,120,Emily Rodriguez
226,56,5,1,122,James Lopez
227,56,6,1,119,Sarah Brown
228,56,7,1,116,Sarah Jones
229,56,8,1,115,Amanda Lopez
230,56,9,1,119,Emily Rodriguez
231,56,10,1,116,David Johnson
232,60,1,1,52,Robert Miller
233,60,2,1,46,David Smith
234,60,3,1,45,Emily Davis
235,60,4,1,51,Sarah Brown
236,60,5,1,48,William Lopez
237,60,6,1,45,Ashley Lopez
238,60,7,1,47,John Hernandez
239,60,8,1,47,James Brown
240,60,9,1,49,Amanda Davis
241,60,9,2,45,James Williams
242,60,9,3,44,William Williams
243,60,10,1,51,Jessica Hernandez
244,85,1,1,51,David Hernandez
245,85,1,2,46,Jane Hernandez
246,85,1,3,55,Sarah Rodriguez
247,85,2,1,46,Michael Miller
248,85,3,1,48,John Miller
249,85,4,1,48,Amanda Jones
250,85,5,1,46,David Martinez
251,85,6,1,51,David Davis
252,85,7,1,54,William Davis
253,85,8,1,48,William Davis
254,85,9,1,47,Emily Williams
255,85,10,1,56,David Lopez
256,38,1,1,20,Ashley Hernandez
257,38,1,2,19,Michael Martinez
258,38,1,3,26,Robert Miller
259,38,2,1,17,Robert Hernandez
260,38,3,1,23,Emily Brown
261,38,3,2,16,David Miller
262,38,4,1,20,Emily Jones
263,38,5,1,25,John Jones
264,38,6,1,19,John Hernandez
265,38,7,1,18,Robert Hernandez
266,38,7,2,24,Amanda Jones
267,38,7,3,17,James Jones
268,38,8,1,19,Sarah Williams
269,38,9,1,23,Amanda Martinez
270,38,10,1,24,Jessica Rodriguez
271,195,1,1,26,Sarah Hernandez
272,195,2,1,24,William Davis
273,195,3,1,28,Jane Martinez
274,195,4,1,32,William Williams
275,195,4,2,25,Emily Rodriguez
276,195,5,1,33,Sarah Lopez
277,195,6,1,24,William Davis
278,195,7,1,30,Michael Rodriguez
279,195,8,1,32,John Rodriguez
280,195,9,1,27,Amanda Smith
281,195,10,1,23,Amanda Brown
282,1,1,1,119,Robert Garcia
283,1,2,1,127,John Johnson
284,1,3,1,126,John Jones
285,1,4,1,121,James Lopez
286,1,5,1,125,Emily Miller
287,1,6,1,125,Robert Johnson
288,1,7,1,129,William Williams
289,1,8,1,124,Jane Williams
290,1,9,1,125,William Williams
291,1,10,1,122,John Smith
292,71,1,1,106,James Lopez
293,71,2,1,107,Robert Brown
294,71,3,1,104,Michael Jones
295,71,4,1,99,James Miller
296,71,4,2,108,John Brown
297,71,5,1,100,Ashley Smith
298,71,6,1,109,Amanda Smith
299,71,7,1,99,Robert Davis
300,71,8,1,102,John Williams
301,71,9,1,103,Sarah Lopez
302,71,10,1,108,Ashley Hernandez
303,180,1,1,24,David Williams
304,180,2,1,29,Sarah Miller
305,180,3,1,21,William Martinez
306,180,4,1,23,James Hernandez
307,180,5,1,28,John Garcia
308,180,6,1,31,Robert Rodriguez
309,180,7,1,27,Robert Williams
310,180,8,1,23,William Davis
311,180,9,1,24,David Lopez
312,180,10,1,21,William Miller
313,180,10,2,27,William Rodriguez
314,180,10,3,23,Robert Brown
315,34,1,1,21,James Johnson
316,34,2,1,21,Jane Rodriguez
317,34,3,1,19,John Jones
318,34,4,1,25,Ashley Smith
319,34,5,1,19,Ashley Lopez
320,34,6,1,19,Jessica Brown
321,34,7,1,21,David Smith
322,34,8,1,19,Amanda Johnson
323,34,9,1,23,Sarah Lopez
324,34,10,1,19,Robert Brown
325,139,1,1,35,Robert Davis
326,139,2,1,36,David Jones
327,139,3,1,38,Jessica Johnson
328,139,4,1,38,Emily Brown
329,139,5,1,37,John Martinez
330,139,6,1,33,John Jones
331,139,7,1,40,Ashley Lopez
332,139,8,1,33,Sarah Garcia
333,139,9,1,40,Sarah Davis
334,139,10,1,41,Emily Jones
335,65,1,1,151,Amanda Hernandez
336,65,2,1,151,Michael Lopez
337,65,3,1,146,Michael Lopez
338,65,4,1,146,William Hernandez
339,65,5,1,152,John Johnson
340,65,6,1,154,John Smith
341,65,7,1,154,Sarah Johnson
342,65,8,1,144,Sarah Rodriguez
343,65,9,1,144,Ashley Hernandez
344,65,10,1,153,Jessica Hernandez
345,45,1,1,26,William Rodriguez
346,45,2,1,26,William Lopez
347,45,3,1,30,John Rodriguez
348,45,4,1,36,Robert Williams
349,45,5,1,34,Michael Brown
350,45,5,2,29,Ashley Rodriguez
351,45,6,1,31,David Miller
352,45,7,1,33,Ashley Brown
353,45,7,2,29,David Hernandez
354,45,7,3,27,James Hernandez
355,45,8,1,27,Robert Miller
356,45,9,1,33,John Hernandez
357,45,10,1,27,Jessica Miller
358,45,10,2,36,Emily Martinez
359,29,1,1,17,William Smith
360,29,2,1,25,Jessica Jones
361,29,3,1,26,David Rodriguez
362,29,3,2,25,James Smith
363,29,4,1,16,Sarah Martinez
364,29,4,2,18,Amanda Miller
365,29,4,3,17,David Williams
366,29,5,1,25,Robert Hernandez
367,29,6,1,21,Robert Lopez
368,29,7,1,24,Amanda Garcia
369,29,7,2,16,Jane Miller
370,29,8,1,17,Emily Martinez
371,29,9,1,25,Robert Garcia
372,29,10,1,23,Jessica Brown
373,29,10,2,21,William Miller
374,29,10,3,22,Michael Hernandez
375,199,1,1,44,Jane Martinez
376,199,2,1,41,Amanda Johnson
377,199,3,1,44,Amanda Hernandez
378,199,3,2,40,Amanda Miller
379,199,4,1,39,Jane Smith
380,199,5,1,45,Emily Jones
381,199,6,1,40,Robert Davis
382,199,6,2,46,William Rodriguez
383,199,7,1,38,Jane Garcia
384,199,8,1,47,Ashley Garcia
385,199,9,1,38,David Miller
386,199,10,1,39,Amanda Rodriguez
387,7,1,1,96,Ashley Rodriguez
388,7,2,1,95,Michael Jones
389,7,2,2,97,David Davis
390,7,2,3,95,Jane Williams
391,7,3,1,99,David Davis
392,7,4,1,98,David Brown
393,7,5,1,100,Ashley Martinez
394,7,6,1,95,David Smith
395,7,6,2,99,Emily Martinez
396,7,7,1,98,Jessica Garcia
397,7,8,1,103,Ashley Williams
398,7,9,1,102,Amanda Brown
399,7,10,1,95,Robert Garcia
400,175,1,1,56,Jessica Martinez
401,175,2,1,51,Robert Jones
402,175,3,1,52,Emily Johnson
403,175,4,1,49,Ashley Rodriguez
404,175,5,1,53,Amanda Brown
405,175,5,2,53,David Lopez
406,175,6,1,56,Jessica Williams
407,175,6,2,56,David Brown
408,175,6,3,50,James Williams
409,175,7,1,52,Jane Davis
410,175,8,1,53,Ashley Miller
411,175,9,1,52,William Smith
412,175,10,1,51,Amanda Rodriguez
413,4,1,1,129,Jane Brown
414,4,2,1,133,Michael Hernandez
415,4,3,1,137,James Hernandez
416,4,4,1,133,Robert Johnson
417,4,5,1,131,William Lopez
418,4,5,2,136,William Martinez
419,4,5,3,137,Sarah Davis
420,4,6,1,135,James Martinez
421,4,7,1,130,Emily Smith
422,4,8,1,132,Robert Johnson
423,4,9,1,133,David Garcia
424,4,9,2,135,Sarah Rodriguez
425,4,10,1,135,Jane Davis
426,92,1,1,37,Emily Johnson
427,92,2,1,31,John Garcia
428,92,3,1,40,Michael Lopez
429,92,4,1,32,William Williams
430,92,5,1,36,Jessica Brown
431,92,6,1,40,Michael Williams
432,92,7,1,36,Robert Smith
433,92,8,1,33,Jessica Martinez
434,92,9,1,30,Amanda Brown
435,92,10,1,31,Ashley Johnson
436,61,1,1,38,Michael Garcia
437,61,2,1,37,Jane Jones
438,61,3,1,37,William Hernandez
439,61,4,1,36,Ashley Miller
440,61,5,1,35,Emily Davis
441,61,6,1,40,Amanda Jones
442,61,7,1,39,Jane Hernandez
443,61,8,1,33,David Johnson
444,61,8,2,32,Emily Lopez
445,61,9,1,36,Ashley Williams
446,61,9,2,39,Robert Miller
447,61,9,3,32,Jessica Hernandez
448,61,10,1,40,Michael Rodriguez
449,184,1,1,25,Michael Garcia
450,184,1,2,30,Ashley Smith
451,184,1,3,28,John Davis
452,184,2,1,31,William Hernandez
453,184,2,2,30,Robert Hernandez
454,184,2,3,30,Robert Lopez
455,184,3,1,30,Michael Johnson
456,184,4,1,26,David Smith
457,184,5,1,31,David Williams
458,184,6,1,32,Amanda Davis
459,184,7,1,24,Ashley Johnson
460,184,8,1,31,Emily Rodriguez
461,184,9,1,23,Amanda Davis
462,184,10,1,29,Jane Lopez
463,83,1,1,27,David Smith
464,83,2,1,29,Jane Davis
465,83,3,1,25,Sarah Brown
466,83,4,1,33,Amanda Garcia
467,83,5,1,33,James Miller
468,83,6,1,27,Sarah Smith
469,83,6,2,33,Emily Rodriguez
470,83,7,1,32,Michael Garcia
471,83,8,1,28,David Martinez
472,83,9,1,32,James Johnson
473,83,10,1,24,David Hernandez
474,83,10,2,26,Amanda Williams
475,83,10,3,27,Michael Lopez
476,5,1,1,63,James Miller
477,5,2,1,69,James Jones
478,5,3,1,66,Jessica Johnson
479,5,4,1,61,Robert Rodriguez
480,5,5,1,65,Jessica Davis
481,5,6,1,60,Amanda Johnson
482,5,7,1,67,James Hernandez
483,5,8,1,61,William Miller
484,5,9,1,66,Sarah Davis
485,5,10,1,64,Emily Rodriguez
486,172,1,1,46,Jessica Garcia
487,172,2,1,37,John Johnson
488,172,3,1,44,John Johnson
489,172,4,1,39,Jessica Davis
490,172,5,1,40,Amanda Williams
491,172,5,2,47,David Williams
492,172,5,3,41,Jane Hernandez
493,172,6,1,38,Emily Hernandez
494,172,7,1,39,John Miller
495,172,8,1,40,Robert Hernandez
496,172,9,1,37,Sarah Davis
497,172,9,2,38,Michael Martinez
498,172,10,1,47,Jessica Smith
499,68,1,1,55,Robert Lopez
500,68,1,2,56,Jessica Johnson
501,68,1,3,57,Robert Johnson
502,68,2,1,55,Jane Garcia
503,68,3,1,58,Michael Miller
504,68,4,1,56,James Hernandez
505,68,5,1,63,James Williams
506,68,5,2,61,Emily Lopez
507,68,6,1,56,Robert Martinez
508,68,7,1,57,Jane Johnson
509,68,8,1,63,Amanda Miller
510,68,8,2,59,Robert Garcia
511,68,9,1,57,David Hernandez
512,68,10,1,54,James Jones
513,68,10,2,57,William Martinez
514,68,10,3,62,Sarah Lopez
515,14,1,1,86,John Brown
516,14,2,1,77,Sarah Davis
517,14,3,1,77,William Smith
518,14,4,1,81,Michael Miller
519,14,5,1,85,Robert Garcia
520,14,6,1,78,Jessica Johnson
521,14,7,1,76,David Brown
522,14,7,2,76,John Miller
523,14,8,1,86,Amanda Rodriguez
524,14,9,1,82,Amanda Miller
525,14,10,1,80,Jane Jones
526,14,10,2,77,William Brown
527,190,1,1,33,William Garcia
528,190,2,1,41,James Hernandez
529,190,3,1,35,Amanda Miller
530,190,4,1,34,John Brown
531,190,5,1,32,Jessica Martinez
532,190,5,2,40,John Jones
533,190,5,3,41,Amanda Hernandez
534,190,6,1,32,John Lopez
535,190,7,1,33,Jessica Garcia
536,190,7,2,39,William Lopez
537,190,8,1,36,Michael Lopez
538,190,9,1,35,Amanda Johnson
539,190,10,1,31,Emily Miller
540,108,1,1,29,David Lopez
541,108,2,1,38,Jane Davis
542,108,3,1,33,John Davis
543,108,4,1,30,Emily Williams
544,108,5,1,29,Ashley Hernandez
545,108,6,1,31,Amanda Rodriguez
546,108,7,1,31,John Davis
547,108,7,2,33,Robert Williams
548,108,8,1,36,Amanda Lopez
549,108,8,2,38,Robert Brown
550,108,9,1,34,Amanda Garcia
551,108,10,1,29,Ashley Garcia
552,135,1,1,36,Sarah Rodriguez
553,135,1,2,34,Robert Johnson
554,135,2,1,38,David Garcia
555,135,3,1,34,Emily Brown
556,135,3,2,38,Ashley Jones
557,135,3,3,43,Sarah Davis
558,135,4,1,41,Sarah Lopez
559,135,5,1,37,Michael Smith
560,135,6,1,34,Sarah Rodriguez
561,135,7,1,34,Emily Smith
562,135,8,1,40,Amanda Lopez
563,135,9,1,37,William Brown
564,135,10,1,34,Michael Lopez
565,30,1,1,22,Sarah Rodriguez
566,30,2,1,27,Jessica Lopez
567,30,3,1,30,Michael Hernandez
568,30,3,2,28,Jane Martinez
569,30,4,1,28,James Williams
570,30,5,1,26,Emily Miller
571,30,6,1,27,Emily Davis
572,30,7,1,23,Sarah Williams
573,30,8,1,31,Jane Williams
574,30,9,1,29,Emily Miller
575,30,9,2,23,William Garcia
576,30,9,3,25,Jessica Jones
577,30,10,1,23,Jane Williams
578,17,1,1,57,Amanda Lopez
579,17,2,1,56,Emily Williams
580,17,3,1,58,Robert Rodriguez
581,17,3,2,53,James Jones
582,17,4,1,55,John Miller
583,17,5,1,61,Amanda Rodriguez
584,17,6,1,60,Jane Williams
585,17,7,1,56,Michael Brown
586,17,7,2,59,Emily Hernandez
587,17,8,1,63,Jane Martinez
588,17,9,1,54,John Johnson
589,17,10,1,55,Jane Garcia
590,17,10,2,54,John Davis
591,17,10,3,53,Michael Martinez
592,122,1,1,23,Jessica Smith
593,122,2,1,23,Michael Garcia
594,122,3,1,19,David Jones
595,122,4,1,19,John Martinez
596,122,5,1,20,James Jones
597,122,6,1,25,Jessica Smith
598,122,7,1,19,Robert Brown
599,122,7,2,27,William Brown
600,122,7,3,27,William Smith
601,122,8,1,22,Jessica Rodriguez
602,122,9,1,22,Ashley Rodriguez
603,122,10,1,21,Michael Smith
604,115,1,1,37,John Jones
605,115,2,1,42,Emily Martinez
606,115,2,2,37,Michael Johnson
607,115,2,3,37,James Brown
608,115,3,1,34,Sarah Martinez
609,115,4,1,40,Emily Williams
610,115,5,1,39,Ashley Smith
611,115,5,2,39,Ashley Martinez
612,115,5,3,36,Ashley Brown
613,115,6,1,41,William Jones
614,115,7,1,35,John Brown
615,115,7,2,43,Sarah Smith
616,115,8,1,34,Emily Martinez
617,115,9,1,36,Emily Lopez
618,115,10,1,34,John Williams
619,115,10,2,43,Amanda Williams
620,115,10,3,35,William Garcia
621,93,1,1,29,Amanda Hernandez
622,93,2,1,25,Emily Jones
623,93,3,1,26,Amanda Miller
624,93,4,1,31,James Garcia
625,93,5,1,27,James Martinez
626,93,5,2,26,Robert Jones
627,93,5,3,28,Michael Williams
628,93,6,1,33,Robert Martinez
629,93,7,1,33,Sarah Hernandez
630,93,7,2,33,Jane Davis
631,93,7,3,26,Emily Lopez
632,93,8,1,29,Michael Hernandez
633,93,8,2,25,Amanda Hernandez
634,93,8,3,34,Amanda Garcia
635,93,9,1,28,Sarah Brown
636,93,10,1,29,David Johnson
637,132,1,1,11,Robert Davis
638,132,2,1,13,Robert Davis
639,132,3,1,16,William Miller
640,132,4,1,20,James Hernandez
641,132,4,2,14,Michael Davis
642,132,4,3,12,John Jones
643,132,5,1,12,Jane Garcia
644,132,5,2,13,Robert Williams
645,132,5,3,12,William Johnson
646,132,6,1,20,Jessica Lopez
647,132,7,1,20,Robert Williams
648,132,7,2,11,Jane Garcia
649,132,8,1,14,Robert Lopez
650,132,9,1,19,David Hernandez
651,132,10,1,14,Jane Smith
652,28,1,1,33,Jessica Williams
653,28,2,1,31,Jane Jones
654,28,2,2,35,James Martinez
655,28,3,1,26,John Brown
656,28,4,1,26,Jessica Johnson
657,28,4,2,29,Robert Davis
658,28,4,3,32,James Jones
659,28,5,1,27,Emily Miller
660,28,5,2,30,Michael Davis
661,28,5,3,25,David Davis
662,28,6,1,28,David Martinez
663,28,7,1,26,James Garcia
664,28,7,2,33,Robert Martinez
665,28,8,1,25,Robert Rodriguez
666,28,9,1,33,James Davis
667,28,10,1,28,Jessica Jones
668,116,1,1,25,Ashley Rodriguez
669,116,1,2,26,James Martinez
670,116,2,1,19,Michael Brown
671,116,2,2,20,Michael Smith
672,116,2,3,23,Jane Hernandez
673,116,3,1,27,Michael Martinez
674,116,4,1,18,Jane Miller
675,116,5,1,25,Emily Jones
676,116,6,1,17,Amanda Martinez
677,116,7,1,23,Jane Miller
678,116,8,1,18,Ashley Johnson
679,116,8,2,21,William Garcia
680,116,9,1,21,Robert Hernandez
681,116,10,1,26,Jessica Smith
682,129,1,1,32,Ashley Martinez
683,129,1,2,40,Amanda Miller
684,129,1,3,30,Robert Garcia
685,129,2,1,30,Amanda Davis
686,129,3,1,35,John Garcia
687,129,4,1,34,David Jones
688,129,5,1,40,Jane Brown
689,129,6,1,35,David Lopez
690,129,6,2,36,Ashley Hernandez
691,129,6,3,31,Sarah Davis
692,129,7,1,36,Amanda Davis
693,129,8,1,35,John Rodriguez
694,129,9,1,31,David Lopez
695,129,10,1,32,William Martinez
696,57,1,1,136,John Brown
697,57,1,2,133,Jessica Smith
698,57,2,1,136,David Garcia
699,57,3,1,141,Robert Hernandez
700,57,4,1,143,John Brown
701,57,5,1,142,Jessica Williams
702,57,6,1,140,Ashley Rodriguez
703,57,7,1,135,David Lopez
704,57,8,1,134,David Smith
705,57,9,1,135,Ashley Brown
706,57,10,1,143,Sarah Hernandez
707,12,1,1,55,Robert Rodriguez
708,12,2,1,52,Michael Hernandez
709,12,2,2,47,Ashley Smith
710,12,3,1,54,David Lopez
711,12,4,1,55,David Miller
712,12,5,1,50,Jessica Jones
713,12,6,1,49,James Rodriguez
714,12,7,1,51,Ashley Johnson
715,12,8,1,53,James Martinez
716,12,8,2,54,David Jones
717,12,8,3,55,Jane Davis
718,12,9,1,55,Emily Jones
719,12,9,2,49,James Lopez
720,12,9,3,55,David Brown
721,12,10,1,45,Ashley Miller
722,12,10,2,55,Emily Hernandez
723,134,1,1,32,Jessica Jones
724,134,1,2,26,Robert Miller
725,134,2,1,22,Ashley Lopez
726,134,3,1,25,Emily Lopez
727,134,4,1,32,William Hernandez
728,134,5,1,32,Emily Rodriguez
729,134,6,1,24,James Rodriguez
730,134,7,1,29,Michael Lopez
731,134,7,2,26,Amanda Rodriguez
732,134,8,1,24,James Garcia
733,134,9,1,25,Emily Brown
734,134,10,1,26,Robert Garcia
735,78,1,1,120,David Davis
736,78,2,1,118,John Hernandez
737,78,3,1,120,Jane Davis
738,78,4,1,119,Jane Hernandez
739,78,5,1,115,Robert Smith
740,78,6,1,113,Michael Brown
741,78,7,1,120,Jessica Williams
742,78,8,1,113,Jane Davis
743,78,9,1,113,Emily Hernandez
744,78,10,1,115,Sarah Williams
745,78,10,2,120,Michael Davis
746,78,10,3,112,Michael Martinez
747,118,1,1,21,Robert Miller
748,118,2,1,21,John Smith
749,118,3,1,20,John Garcia
750,118,4,1,23,Sarah Smith
751,118,5,1,25,Amanda Brown
752,118,6,1,20,David Williams
753,118,7,1,17,Jane Smith
754,118,7,2,19,David Davis
755,118,7,3,23,Ashley Rodriguez
756,118,8,1,25,Michael Garcia
757,118,9,1,22,Emily Brown
758,118,10,1,15,Sarah Brown
759,118,10,2,17,Sarah Lopez
760,118,10,3,15,Ashley Rodriguez
761,8,1,1,114,John Miller
762,8,1,2,114,David Rodriguez
763,8,1,3,113,John Martinez
764,8,2,1,114,Jane Hernandez
765,8,3,1,104,Amanda Johnson
766,8,4,1,110,Jane Rodriguez
767,8,5,1,106,Sarah Lopez
768,8,6,1,104,David Miller
769,8,7,1,114,William Jones
770,8,8,1,106,Robert Johnson
771,8,9,1,113,Jane Jones
772,8,10,1,111,Sarah Martinez
773,8,10,2,107,David Rodriguez
774,16,1,1,98,Amanda Miller
775,16,2,1,93,William Davis
776,16,3,1,100,Emily Brown
777,16,4,1,94,Ashley Hernandez
778,16,4,2,100,Michael Johnson
779,16,5,1,94,Amanda Lopez
780,16,6,1,103,Sarah Davis
781,16,6,2,97,David Davis
782,16,6,3,93,Jane Williams
783,16,7,1,97,Emily Hernandez
784,16,8,1,94,Jane Smith
785,16,9,1,103,James Williams
786,16,9,2,98,Emily Davis
787,16,10,1,97,Amanda Johnson
788,123,1,1,28,Michael Johnson
789,123,2,1,30,David Miller
790,123,3,1,30,Robert Hernandez
791,123,4,1,25,Jane Williams
792,123,5,1,23,Michael Johnson
793,123,6,1,32,Jessica Martinez
794,123,7,1,25,Ashley Miller
795,123,8,1,32,John Hernandez
796,123,9,1,25,Jessica Davis
797,123,10,1,30,John Johnson
798,123,10,2,27,James Garcia
799,123,10,3,23,Amanda Hernandez
800,103,1,1,42,Amanda Martinez
801,103,2,1,43,Emily Rodriguez
802,103,3,1,42,Jane Miller
803,103,4,1,36,Jessica Garcia
804,103,5,1,43,Robert Williams
805,103,6,1,41,Ashley Smith
806,103,7,1,41,Jessica Davis
807,103,7,2,35,Jane Davis
808,103,8,1,38,David Smith
809,103,9,1,41,James Miller
810,103,10,1,36,Jane Davis
811,110,1,1,26,Jessica Johnson
812,110,2,1,24,Emily Johnson
813,110,3,1,27,John Johnson
814,110,4,1,17,William Rodriguez
815,110,5,1,26,Ashley Hernandez
816,110,5,2,21,William Rodriguez
817,110,6,1,27,Jessica Garcia
818,110,7,1,17,Sarah Davis
819,110,8,1,26,Ashley Davis
820,110,9,1,22,Amanda Davis
821,110,10,1,17,Emily Garcia
822,110,10,2,27,David Rodriguez
823,149,1,1,37,John Williams
824,149,2,1,42,Jane Jones
825,149,3,1,39,Jane Miller
826,149,4,1,39,Amanda Garcia
827,149,5,1,36,James Hernandez
828,149,5,2,45,Jane Davis
829,149,5,3,43,James Martinez
830,149,6,1,38,Jessica Smith
831,149,7,1,36,William Miller
832,149,8,1,43,William Williams
833,149,9,1,38,Amanda Williams
834,149,10,1,44,Robert Miller
835,149,10,2,45,Amanda Brown
836,149,10,3,40,Robert Garcia
837,126,1,1,25,Michael Williams
838,126,2,1,26,David Lopez
839,126,3,1,23,Amanda Lopez
840,126,4,1,28,Sarah Brown
841,126,5,1,22,James Garcia
842,126,6,1,20,Amanda Hernandez
843,126,7,1,20,William Rodriguez
844,126,8,1,23,Amanda Johnson
845,126,9,1,26,Jessica Martinez
846,126,10,1,28,Amanda Miller
847,114,1,1,22,David Miller
848,114,2,1,22,Jane Smith
849,114,3,1,14,James Smith
850,114,4,1,18,James Jones
851,114,4,2,16,John Lopez
852,114,5,1,17,William Smith
853,114,6,1,21,Jane Martinez
854,114,7,1,22,Sarah Lopez
855,114,8,1,20,Sarah Rodriguez
856,114,9,1,18,Amanda Hernandez
857,114,10,1,20,Robert Hernandez
858,114,10,2,19,William Smith
859,114,10,3,14,Amanda Jones
860,19,1,1,40,Sarah Hernandez
861,19,2,1,43,Emily Martinez
862,19,3,1,42,Sarah Lopez
863,19,4,1,37,Jessica Williams
864,19,5,1,34,Michael Williams
865,19,6,1,34,Robert Smith
866,19,7,1,41,David Williams
867,19,8,1,33,Emily Davis
868,19,8,2,35,John Williams
869,19,8,3,38,Ashley Smith
870,19,9,1,43,Ashley Hernandez
871,19,10,1,42,William Garcia
872,21,1,1,129,Sarah Williams
873,21,1,2,129,Jane Rodriguez
874,21,1,3,123,Robert Rodriguez
875,21,2,1,122,Emily Brown
876,21,3,1,131,Emily Garcia
877,21,4,1,124,Ashley Rodriguez
878,21,5,1,129,James Smith
879,21,6,1,128,Sarah Hernandez
880,21,6,2,130,Ashley Brown
881,21,6,3,121,James Garcia
882,21,7,1,122,Robert Jones
883,21,8,1,125,John Rodriguez
884,21,9,1,126,William Rodriguez
885,21,10,1,121,David Hernandez
886,163,1,1,28,Michael Rodriguez
887,163,1,2,35,John Hernandez
888,163,2,1,37,Robert Johnson
889,163,2,2,30,William Lopez
890,163,3,1,33,James Johnson
891,163,4,1,29,John Davis
892,163,5,1,27,Jane Johnson
893,163,6,1,35,Jane Martinez
894,163,6,2,30,David Miller
895,163,6,3,33,Jessica Hernandez
896,163,7,1,32,John Miller
897,163,8,1,35,John Hernandez
898,163,9,1,28,Amanda Martinez
899,163,10,1,32,William Johnson
900,163,10,2,31,James Jones
901,176,1,1,92,Jessica Miller
902,176,2,1,98,John Davis
903,176,3,1,90,Amanda Miller
904,176,3,2,96,David Hernandez
905,176,4,1,88,William Rodriguez
906,176,4,2,90,Jane Smith
907,176,4,3,88,Ashley Martinez
908,176,5,1,96,Jane Jones
909,176,6,1,93,Sarah Miller
910,176,7,1,96,Michael Williams
911,176,8,1,91,Jane Williams
912,176,8,2,98,Ashley Smith
913,176,8,3,96,Jessica Hernandez
914,176,9,1,92,James Johnson
915,176,10,1,91,Amanda Martinez
916,154,1,1,51,Emily Williams
917,154,2,1,49,Jane Jones
918,154,3,1,49,Emily Davis
919,154,4,1,55,James Jones
920,154,5,1,48,Ashley Martinez
921,154,6,1,51,Robert Williams
922,154,7,1,49,Amanda Lopez
923,154,7,2,56,Robert Jones
924,154,8,1,48,James Lopez
925,154,9,1,53,Jessica Davis
926,154,10,1,50,Jessica Rodriguez
927,158,1,1,34,Michael Rodriguez
928,158,1,2,33,David Lopez
929,158,2,1,31,Amanda Johnson
930,158,3,1,38,James Smith
931,158,4,1,39,Robert Martinez
932,158,5,1,30,William Jones
933,158,6,1,38,Jessica Hernandez
934,158,7,1,35,Robert Brown
935,158,8,1,39,Amanda Jones
936,158,9,1,36,Emily Rodriguez
937,158,9,2,30,James Brown
938,158,10,1,39,James Williams
939,36,1,1,25,Jessica Williams
940,36,2,1,30,Emily Smith
941,36,2,2,26,Jessica Brown
942,36,3,1,26,John Hernandez
943,36,3,2,26,William Garcia
944,36,3,3,29,Jessica Davis
945,36,4,1,23,James Garcia
946,36,5,1,27,Ashley Rodriguez
947,36,5,2,32,Michael Miller
948,36,5,3,33,Robert Garcia
949,36,6,1,24,William Jones
950,36,7,1,26,William Miller
951,36,8,1,28,Jessica Davis
952,36,9,1,23,William Williams
953,36,10,1,26,Jane Rodriguez
954,80,1,1,38,Michael Williams
955,80,2,1,45,Sarah Miller
956,80,2,2,40,Amanda Johnson
957,80,3,1,42,Jessica Brown
958,80,4,1,45,Robert Smith
959,80,5,1,37,Ashley Martinez
960,80,6,1,44,Michael Smith
961,80,6,2,37,David Williams
962,80,7,1,41,Ashley Martinez
963,80,8,1,45,David Johnson
964,80,9,1,44,Jessica Davis
965,80,10,1,44,Michael Martinez
966,80,10,2,37,Ashley Hernandez
967,80,10,3,43,David Williams
968,82,1,1,25,Jessica Martinez
969,82,2,1,23,Robert Miller
970,82,3,1,23,William Rodriguez
971,82,3,2,30,Robert Williams
972,82,4,1,22,Jessica Martinez
973,82,5,1,28,William Johnson
974,82,6,1,29,William Smith
975,82,6,2,30,James Miller
976,82,7,1,25,John Lopez
977,82,8,1,23,Jessica Miller
978,82,9,1,29,Jane Miller
979,82,10,1,23,Jane Jones
980,82,10,2,29,William Miller
981,82,10,3,24,Sarah Smith
982,75,1,1,33,Ashley Rodriguez
983,75,2,1,39,James Brown
984,75,2,2,38,Robert Garcia
985,75,3,1,43,Ashley Jones
986,75,3,2,37,William Miller
987,75,3,3,42,Emily Martinez
988,75,4,1,43,Robert Brown
989,75,5,1,41,Jessica Williams
990,75,6,1,41,Jessica Jones
991,75,7,1,42,Emily Lopez
992,75,8,1,35,James Johnson
993,75,9,1,40,Amanda Williams
994,75,10,1,38,William Martinez
995,75,10,2,43,Amanda Smith
996,75,10,3,35,Robert Hernandez
997,177,1,1,112,Jessica Martinez
998,177,1,2,116,Jane Johnson
999,177,2,1,115,Jane Martinez
1000,177,3,1,116,Ashley Hernandez
1001,177,3,2,118,David Lopez
1002,177,3,3,119,John Williams
1003,177,4,1,117,John Brown
1004,177,5,1,118,David Brown
1005,177,6,1,119,Michael Hernandez
1006,177,6,2,110,Emily Brown
1007,177,7,1,112,Jane Jones
1008,177,8,1,115,James Miller
1009,177,9,1,113,William Smith
1010,177,10,1,111,Jane Rodriguez
1011,166,1,1,60,Ashley Garcia
1012,166,2,1,56,Sarah Martinez
1013,166,3,1,59,Robert Martinez
1014,166,4,1,58,William Johnson
1015,166,4,2,60,Jane Rodriguez
1016,166,5,1,53,William Jones
1017,166,6,1,61,David Lopez
1018,166,7,1,58,Ashley Davis
1019,166,8,1,57,Jessica Hernandez
1020,166,9,1,61,John Davis
1021,166,10,1,58,James Brown
1022,166,10,2,62,Amanda Brown
1023,42,1,1,24,Emily Rodriguez
1024,42,2,1,22,Sarah Jones
1025,42,3,1,19,William Williams
1026,42,3,2,25,Emily Garcia
1027,42,3,3,21,Ashley Jones
1028,42,4,1,25,Amanda Brown
1029,42,4,2,21,Amanda Brown
1030,42,5,1,21,Sarah Brown
1031,42,6,1,27,Emily Williams
1032,42,7,1,19,Jane Hernandez
1033,42,8,1,25,Ashley Smith
1034,42,9,1,26,John Davis
1035,42,10,1,23,Jessica Martinez
1036,49,1,1,62,Michael Rodriguez
1037,49,2,1,58,Ashley Williams
1038,49,3,1,62,William Smith
1039,49,3,2,63,Emily Miller
1040,49,3,3,65,Michael Davis
1041,49,4,1,63,Jessica Garcia
1042,49,5,1,55,James Brown
1043,49,6,1,56,Emily Garcia
1044,49,7,1,59,Michael Rodriguez
1045,49,8,1,59,Jessica Martinez
1046,49,9,1,57,Jessica Miller
1047,49,10,1,60,Emily Miller
1048,77,1,1,116,Ashley Williams
1049,77,2,1,124,Sarah Johnson
1050,77,3,1,117,William Miller
1051,77,4,1,117,Michael Lopez
1052,77,5,1,116,Robert Davis
1053,77,5,2,116,James Rodriguez
1054,77,6,1,119,Jessica Jones
1055,77,7,1,123,John Miller
1056,77,8,1,114,Sarah Jones
1057,77,8,2,121,James Johnson
1058,77,9,1,119,David Garcia
1059,77,10,1,122,David Garcia
1060,160,1,1,52,James Martinez
1061,160,1,2,50,Ashley Martinez
1062,160,2,1,55,Michael Jones
1063,160,3,1,57,William Davis
1064,160,4,1,54,Jane Miller
1065,160,5,1,54,James Williams
1066,160,6,1,57,Emily Miller
1067,160,7,1,56,Robert Johnson
1068,160,8,1,50,Emily Garcia
1069,160,8,2,57,David Lopez
1070,160,8,3,51,Ashley Hernandez
1071,160,9,1,54,Emily Lopez
1072,160,10,1,54,Robert Williams
1073,130,1,1,27,Amanda Brown
1074,130,1,2,35,David Lopez
1075,130,2,1,26,Sarah Williams
1076,130,3,1,26,Jane Davis
1077,130,4,1,25,Robert Rodriguez
1078,130,5,1,26,Jane Jones
1079,130,6,1,26,James Miller
1080,130,7,1,28,Amanda Jones
1081,130,8,1,27,Michael Rodriguez
1082,130,9,1,25,John Hernandez
1083,130,10,1,30,Jessica Davis
1084,59,1,1,87,David Rodriguez
1085,59,2,1,87,Michael Martinez
1086,59,3,1,89,Amanda Hernandez
1087,59,4,1,85,William Hernandez
1088,59,5,1,83,Emily Davis
1089,59,6,1,80,Jessica Jones
1090,59,7,1,83,Michael Jones
1091,59,8,1,84,David Davis
1092,59,8,2,87,John Lopez
1093,59,9,1,86,David Smith
1094,59,10,1,83,Ashley Brown
1095,173,1,1,148,Emily Brown
1096,173,2,1,148,Robert Miller
1097,173,3,1,150,Robert Miller
1098,173,4,1,141,Robert Hernandez
1099,173,5,1,149,Amanda Hernandez
1100,173,6,1,150,Amanda Rodriguez
1101,173,7,1,146,Sarah Johnson
1102,173,8,1,141,James Davis
1103,173,8,2,149,Jessica Jones
1104,173,8,3,149,Jessica Brown
1105,173,9,1,142,John Rodriguez
1106,173,10,1,144,David Williams
1107,173,10,2,147,Amanda Smith
1108,143,1,1,34,John Davis
1109,143,2,1,38,David Davis
1110,143,3,1,39,Amanda Smith
1111,143,4,1,34,John Jones
1112,143,5,1,33,William Davis
1113,143,6,1,38,John Johnson
1114,143,6,2,35,Robert Davis
1115,143,6,3,35,Amanda Smith
1116,143,7,1,40,James Brown
1117,143,7,2,39,Robert Hernandez
1118,143,8,1,37,Michael Hernandez
1119,143,9,1,40,William Johnson
1120,143,10,1,42,David Brown
1121,183,1,1,29,James Brown
1122,183,2,1,32,James Miller
1123,183,3,1,31,David Martinez
1124,183,4,1,29,John Martinez
1125,183,4,2,36,Amanda Martinez
1126,183,5,1,32,Michael Davis
1127,183,5,2,30,James Martinez
1128,183,6,1,39,John Smith
1129,183,7,1,31,Amanda Rodriguez
1130,183,8,1,31,Jessica Brown
1131,183,9,1,37,James Garcia
1132,183,10,1,36,Amanda Brown
1133,193,1,1,60,Amanda Williams
1134,193,1,2,59,John Davis
1135,193,1,3,62,William Jones
1136,193,2,1,62,Sarah Martinez
1137,193,3,1,60,Amanda Davis
1138,193,3,2,59,Ashley Rodriguez
1139,193,3,3,57,Jane Rodriguez
1140,193,4,1,59,William Garcia
1141,193,4,2,62,John Hernandez
1142,193,4,3,63,Robert Lopez
1143,193,5,1,64,Emily Martinez
1144,193,5,2,58,Emily Lopez
1145,193,6,1,58,William Hernandez
1146,193,6,2,62,William Williams
1147,193,6,3,64,David Garcia
1148,193,7,1,60,Jane Johnson
1149,193,8,1,56,John Williams
1150,193,9,1,58,Jane Davis
1151,193,9,2,58,Jane Smith
1152,193,10,1,61,James Davis
1153,102,1,1,27,David Smith
1154,102,2,1,27,Amanda Johnson
1155,102,3,1,28,Jessica Johnson
1156,102,3,2,25,James Smith
1157,102,4,1,24,Emily Lopez
1158,102,5,1,26,John Lopez
1159,102,5,2,19,David Johnson
1160,102,5,3,21,William Johnson
1161,102,6,1,26,Robert Brown
1162,102,6,2,21,William Hernandez
1163,102,7,1,28,Michael Rodriguez
1164,102,8,1,24,Amanda Johnson
1165,102,9,1,27,Emily Hernandez
1166,102,10,1,28,Robert Johnson
1167,90,1,1,33,Robert Rodriguez
1168,90,1,2,30,James Williams
1169,90,2,1,34,Jessica Garcia
1170,90,3,1,33,Emily Garcia
1171,90,4,1,35,Robert Lopez
1172,90,5,1,28,Ashley Rodriguez
1173,90,6,1,33,Amanda Jones
1174,90,7,1,32,Jessica Miller
1175,90,8,1,29,Ashley Smith
1176,90,8,2,33,Michael Jones
1177,90,9,1,28,Emily Smith
1178,90,9,2,29,William Rodriguez
1179,90,10,1,34,Michael Johnson
1180,15,1,1,110,Michael Jones
1181,15,1,2,113,Ashley Brown
1182,15,1,3,111,David Jones
1183,15,2,1,117,Sarah Lopez
1184,15,2,2,109,Amanda Garcia
1185,15,2,3,115,Michael Davis
1186,15,3,1,117,Jane Martinez
1187,15,4,1,108,Amanda Martinez
1188,15,5,1,108,Emily Garcia
1189,15,6,1,114,Robert Johnson
1190,15,7,1,111,Amanda Hernandez
1191,15,8,1,108,James Hernandez
1192,15,9,1,112,William Smith
1193,15,10,1,117,Michael Garcia
1194,84,1,1,47,Michael Smith
1195,84,2,1,50,Jessica Martinez
1196,84,3,1,45,Sarah Miller
1197,84,4,1,50,Michael Williams
1198,84,5,1,51,Ashley Lopez
1199,84,6,1,48,Jane Miller
1200,84,6,2,52,Robert Lopez
1201,84,6,3,46,Michael Davis
1202,84,7,1,51,Robert Hernandez
1203,84,8,1,52,Ashley Lopez
1204,84,9,1,47,Jane Jones
1205,84,10,1,49,James Martinez
1206,157,1,1,39,Emily Garcia
1207,157,1,2,36,Emily Garcia
1208,157,1,3,42,James Smith
1209,157,2,1,35,Emily Martinez
1210,157,3,1,40,Ashley Williams
1211,157,4,1,36,Sarah Hernandez
1212,157,5,1,34,Jane Lopez
1213,157,6,1,37,John Garcia
1214,157,6,2,34,David Davis
1215,157,7,1,38,Sarah Lopez
1216,157,8,1,36,William Rodriguez
1217,157,9,1,41,Jessica Martinez
1218,157,10,1,35,Amanda Lopez
1219,99,1,1,29,Ashley Hernandez
1220,99,2,1,27,Michael Smith
1221,99,3,1,32,David Smith
1222,99,4,1,23,Jane Miller
1223,99,5,1,33,James Garcia
1224,99,6,1,23,David Hernandez
1225,99,7,1,29,William Lopez
1226,99,8,1,30,Ashley Rodriguez
1227,99,8,2,24,Michael Brown
1228,99,8,3,31,Jessica Rodriguez
1229,99,9,1,23,John Brown
1230,99,10,1,27,Emily Davis
1231,174,1,1,82,John Garcia
1232,174,2,1,85,James Jones
1233,174,3,1,88,David Smith
1234,174,4,1,86,John Rodriguez
1235,174,5,1,83,Michael Garcia
1236,174,6,1,90,Michael Johnson
1237,174,7,1,88,James Martinez
1238,174,8,1,90,Sarah Miller
1239,174,9,1,82,Robert Jones
1240,174,10,1,85,Jessica Rodriguez
1241,196,1,1,58,William Hernandez
1242,196,1,2,52,Michael Jones
1243,196,2,1,57,Michael Miller
1244,196,3,1,51,James Martinez
1245,196,4,1,54,Jane Rodriguez
1246,196,5,1,50,Michael Garcia
1247,196,6,1,51,Amanda Smith
1248,196,7,1,55,Robert Jones
1249,196,8,1,59,Amanda Jones
1250,196,9,1,50,Michael Williams
1251,196,9,2,49,Ashley Martinez
1252,196,10,1,58,Ashley Brown
1253,136,1,1,31,James Smith
1254,136,2,1,35,Michael Rodriguez
1255,136,3,1,35,Amanda Hernandez
1256,136,4,1,34,Jessica Davis
1257,136,5,1,31,John Miller
1258,136,5,2,28,David Miller
1259,136,6,1,38,Sarah Brown
1260,136,7,1,37,Jessica Lopez
1261,136,7,2,33,Jessica Brown
1262,136,7,3,34,Robert Smith
1263,136,8,1,34,Amanda Garcia
1264,136,9,1,37,Ashley Rodriguez
1265,136,10,1,28,William Johnson
1266,113,1,1,25,Sarah Rodriguez
1267,113,2,1,25,William Miller
1268,113,3,1,35,John Brown
1269,113,4,1,31,David Jones
1270,113,5,1,31,David Martinez
1271,113,6,1,33,Michael Davis
1272,113,7,1,32,Jane Lopez
1273,113,8,1,27,Ashley Lopez
1274,113,9,1,31,Robert Garcia
1275,113,10,1,27,Jessica Martinez
1276,58,1,1,126,Jessica Johnson
1277,58,2,1,133,Amanda Williams
1278,58,3,1,124,Jane Johnson
1279,58,4,1,133,Emily Johnson
1280,58,5,1,129,Amanda Rodriguez
1281,58,6,1,125,Robert Rodriguez
1282,58,7,1,125,Emily Martinez
1283,58,8,1,125,Michael Williams
1284,58,9,1,129,David Jones
1285,58,9,2,130,David Hernandez
1286,58,10,1,126,John Martinez
1287,58,10,2,127,John Davis
1288,155,1,1,41,William Smith
1289,155,2,1,41,Sarah Brown
1290,155,3,1,41,Jessica Miller
1291,155,4,1,43,Ashley Smith
1292,155,5,1,42,David Martinez
1293,155,6,1,37,John Williams
1294,155,7,1,34,Michael Smith
1295,155,7,2,44,Ashley Martinez
1296,155,7,3,38,Emily Johnson
1297,155,8,1,36,Michael Hernandez
1298,155,8,2,38,Ashley Hernandez
1299,155,8,3,43,Ashley Rodriguez
1300,155,9,1,43,Emily Smith
1301,155,9,2,35,David Garcia
1302,155,9,3,39,Robert Johnson
1303,155,10,1,42,Jane Jones
1304,188,1,1,23,Amanda Jones
1305,188,2,1,28,William Brown
1306,188,3,1,31,John Johnson
1307,188,4,1,32,William Johnson
1308,188,5,1,31,Amanda Jones
1309,188,6,1,27,David Rodriguez
1310,188,7,1,31,Emily Williams
1311,188,8,1,29,William Lopez
1312,188,9,1,29,Michael Martinez
1313,188,10,1,26,Sarah Smith
1314,44,1,1,38,Jane Lopez
1315,44,1,2,31,Ashley Miller
1316,44,1,3,34,John Garcia
1317,44,2,1,38,Sarah Smith
1318,44,3,1,32,David Johnson
1319,44,4,1,36,William Garcia
1320,44,5,1,29,James Garcia
1321,44,6,1,37,Ashley Smith
1322,44,7,1,31,Emily Garcia
1323,44,8,1,35,Jessica Smith
1324,44,9,1,35,Michael Hernandez
1325,44,10,1,36,Emily Davis
1326,148,1,1,26,Amanda Smith
1327,148,2,1,24,Ashley Lopez
1328,148,3,1,28,William Smith
1329,148,4,1,30,Emily Garcia
1330,148,5,1,24,John Garcia
1331,148,5,2,26,James Rodriguez
1332,148,6,1,29,Ashley Miller
1333,148,7,1,24,Amanda Garcia
1334,148,7,2,20,David Miller
1335,148,8,1,25,Jessica Jones
1336,148,8,2,23,William Jones
1337,148,9,1,20,Sarah Johnson
1338,148,9,2,27,William Smith
1339,148,9,3,27,William Williams
1340,148,10,1,28,David Garcia
1341,148,10,2,22,Jane Rodriguez
1342,148,10,3,30,Michael Brown
1343,52,1,1,144,Robert Lopez
1344,52,2,1,138,John Jones
1345,52,3,1,147,Ashley Johnson
1346,52,4,1,137,Jane Rodriguez
1347,52,5,1,141,John Martinez
1348,52,6,1,147,Sarah Garcia
1349,52,7,1,141,David Rodriguez
1350,52,8,1,144,James Johnson
1351,52,9,1,139,David Johnson
1352,52,10,1,140,William Garcia
1353,52,10,2,145,Emily Jones
1354,185,1,1,26,Sarah Williams
1355,185,1,2,18,David Martinez
1356,185,1,3,22,William Davis
1357,185,2,1,24,James Smith
1358,185,2,2,18,Robert Smith
1359,185,3,1,19,Amanda Martinez
1360,185,3,2,26,James Lopez
1361,185,3,3,24,Ashley Garcia
1362,185,4,1,20,Amanda Hernandez
1363,185,5,1,18,Jessica Martinez
1364,185,6,1,18,Jessica Jones
1365,185,6,2,27,James Lopez
1366,185,6,3,24,Jessica Brown
1367,185,7,1,19,Ashley Jones
1368,185,8,1,23,Michael Lopez
1369,185,9,1,22,Emily Davis
1370,185,10,1,18,Jessica Johnson
1371,94,1,1,48,Michael Jones
1372,94,2,1,50,Ashley Williams
1373,94,3,1,47,Amanda Johnson
1374,94,4,1,51,Jane Jones
1375,94,5,1,47,Ashley Miller
1376,94,6,1,44,William Williams
1377,94,7,1,47,Jane Garcia
1378,94,8,1,50,Robert Miller
1379,94,9,1,46,William Lopez
1380,94,10,1,51,James Johnson
1381,112,1,1,40,Jessica Johnson
1382,112,2,1,38,Emily Rodriguez
1383,112,3,1,33,David Miller
1384,112,3,2,32,Ashley Johnson
1385,112,3,3,41,Ashley Miller
1386,112,4,1,41,James Smith
1387,112,5,1,40,James Smith
1388,112,5,2,33,James Williams
1389,112,6,1,35,Robert Martinez
1390,112,7,1,34,Sarah Hernandez
1391,112,8,1,35,Ashley Hernandez
1392,112,9,1,37,Amanda Garcia
1393,112,10,1,40,John Martinez
1394,41,1,1,31,Michael Jones
1395,41,2,1,25,Amanda Rodriguez
1396,41,2,2,30,Jane Jones
1397,41,3,1,28,Robert Lopez
1398,41,4,1,35,Emily Lopez
1399,41,5,1,31,Robert Rodriguez
1400,41,6,1,27,Jessica Williams
1401,41,7,1,30,Robert Williams
1402,41,7,2,29,James Williams
1403,41,7,3,27,John Johnson
1404,41,8,1,27,Amanda Davis
1405,41,9,1,27,Jane Williams
1406,41,10,1,31,Jessica Lopez
1407,198,1,1,34,Ashley Williams
1408,198,2,1,34,William Davis
1409,198,3,1,31,Michael Miller
1410,198,4,1,37,Jessica Lopez
1411,198,5,1,36,David Miller
1412,198,6,1,37,Emily Smith
1413,198,7,1,37,Jessica Lopez
1414,198,8,1,37,Jessica Lopez
1415,198,9,1,35,William Johnson
1416,198,9,2,36,Ashley Johnson
1417,198,9,3,31,Jessica Hernandez
1418,198,10,1,38,Jane Hernandez
1419,179,1,1,40,David Martinez
1420,179,2,1,39,John Davis
1421,179,2,2,38,William Davis
1422,179,2,3,40,Amanda Garcia
1423,179,3,1,35,David Williams
1424,179,4,1,40,David Smith
1425,179,4,2,41,Jessica Martinez
1426,179,4,3,33,Ashley Smith
1427,179,5,1,35,Amanda Martinez
1428,179,6,1,32,Michael Rodriguez
1429,179,6,2,32,David Jones
1430,179,6,3,33,Ashley Jones
1431,179,7,1,35,John Lopez
1432,179,8,1,40,Amanda Williams
1433,179,8,2,41,Jessica Garcia
1434,179,9,1,35,Amanda Brown
1435,179,10,1,39,John Garcia
1436,192,1,1,56,Ashley Williams
1437,192,2,1,60,Robert Brown
1438,192,3,1,64,Michael Brown
1439,192,4,1,59,John Hernandez
1440,192,5,1,55,John Williams
1441,192,6,1,61,David Davis
1442,192,7,1,62,Sarah Miller
1443,192,8,1,60,Jessica Jones
1444,192,9,1,54,David Davis
1445,192,9,2,60,James Garcia
1446,192,9,3,62,James Smith
1447,192,10,1,60,Ashley Hernandez
1448,192,10,2,58,Emily Jones
1449,192,10,3,58,Jane Jones
1450,128,1,1,20,Jessica Hernandez
1451,128,2,1,24,Ashley Brown
1452,128,3,1,24,Amanda Williams
1453,128,4,1,14,James Smith
1454,128,5,1,14,Robert Johnson
1455,128,6,1,24,Jessica Garcia
1456,128,7,1,18,David Brown
1457,128,8,1,14,Ashley Hernandez
1458,128,8,2,17,Ashley Hernandez
1459,128,9,1,15,Ashley Williams
1460,128,9,2,20,James Hernandez
1461,128,10,1,16,Jane Lopez
1462,48,1,1,85,James Johnson
1463,48,1,2,88,Jessica Jones
1464,48,1,3,84,Amanda Hernandez
1465,48,2,1,83,David Williams
1466,48,3,1,82,John Miller
1467,48,4,1,78,David Jones
1468,48,5,1,85,Sarah Martinez
1469,48,5,2,84,Michael Hernandez
1470,48,6,1,80,William Miller
1471,48,7,1,88,Jane Davis
1472,48,8,1,79,John Johnson
1473,48,9,1,85,John Davis
1474,48,9,2,80,James Hernandez
1475,48,9,3,78,John Hernandez
1476,48,10,1,80,Amanda Garcia
1477,20,1,1,144,John Rodriguez
1478,20,2,1,142,Jessica Miller
1479,20,3,1,136,William Brown
1480,20,4,1,136,Ashley Rodriguez
1481,20,4,2,140,Emily Hernandez
1482,20,4,3,139,Robert Smith
1483,20,5,1,145,Jane Garcia
1484,20,6,1,140,Jane Davis
1485,20,7,1,139,James Brown
1486,20,8,1,141,James Brown
1487,20,8,2,139,Amanda Miller
1488,20,9,1,145,Amanda Garcia
1489,20,10,1,145,Jessica Lopez
1490,197,1,1,24,John Lopez
1491,197,1,2,30,Sarah Davis
1492,197,2,1,29,James Jones
1493,197,3,1,28,John Smith
1494,197,4,1,26,Amanda Smith
1495,197,5,1,24,James Hernandez
1496,197,6,1,31,William Williams
1497,197,7,1,24,Jane Smith
1498,197,8,1,28,James Smith
1499,197,9,1,30,John Brown
1500,197,10,1,23,John Williams
1501,9,1,1,58,Jane Davis
1502,9,2,1,63,Jane Johnson
1503,9,3,1,55,Sarah Miller
1504,9,3,2,59,Amanda Hernandez
1505,9,4,1,55,James Martinez
1506,9,5,1,59,Sarah Smith
1507,9,6,1,59,Jane Johnson
1508,9,7,1,60,Michael Lopez
1509,9,8,1,56,Jessica Brown
1510,9,9,1,54,Michael Johnson
1511,9,10,1,64,Ashley Miller
1512,189,1,1,40,Jessica Johnson
1513,189,2,1,41,Amanda Hernandez
1514,189,2,2,49,David Miller
1515,189,3,1,47,Amanda Williams
1516,189,4,1,50,David Rodriguez
1517,189,5,1,43,Michael Martinez
1518,189,6,1,49,Michael Lopez
1519,189,7,1,41,James Jones
1520,189,8,1,40,William Brown
1521,189,9,1,49,Emily Rodriguez
1522,189,9,2,48,Sarah Davis
1523,189,10,1,50,Sarah Jones
1524,11,1,1,116,James Davis
1525,11,1,2,121,Michael Williams
1526,11,2,1,114,John Hernandez
1527,11,3,1,117,Robert Jones
1528,11,4,1,121,John Johnson
1529,11,5,1,122,Michael Williams
1530,11,6,1,121,William Johnson
1531,11,7,1,121,Ashley Martinez
1532,11,7,2,119,Robert Brown
1533,11,8,1,119,Sarah Johnson
1534,11,9,1,115,Sarah Lopez
1535,11,10,1,117,Robert Brown
1536,131,1,1,13,Robert Williams
1537,131,1,2,16,Ashley Davis
1538,131,1,3,15,Robert Garcia
1539,131,2,1,23,Emily Jones
1540,131,2,2,16,Emily Williams
1541,131,3,1,17,Michael Johnson
1542,131,3,2,20,Jessica Miller
1543,131,4,1,16,David Martinez
1544,131,4,2,15,James Martinez
1545,131,4,3,15,Ashley Rodriguez
1546,131,5,1,14,Robert Rodriguez
1547,131,6,1,16,Ashley Davis
1548,131,7,1,17,John Lopez
1549,131,8,1,16,Sarah Garcia
1550,131,9,1,16,Ashley Williams
1551,131,10,1,13,Robert Smith
1552,2,8,1,28,Sarah Jones
1553,2,9,1,34,Sarah Garcia
1554,3,8,1,119,John Jones
1555,3,10,1,116,Emily Garcia
1556,10,4,1,87,Jane Garcia
1557,10,3,1,84,John Brown
1558,10,6,1,93,Michael Johnson
1559,22,10,1,90,Jane Garcia
1560,22,1,1,89,Jane Williams
1561,22,8,1,93,Sarah Garcia
1562,23,2,1,52,David Smith
1563,23,7,1,51,Sarah Williams
1564,25,2,1,34,David Garcia
1565,25,6,1,39,John Smith
1566,26,6,1,40,Michael Johnson
1567,26,8,1,45,David Garcia
1568,26,1,1,36,David Garcia
1569,27,3,1,15,David Smith
1570,27,6,1,22,Sarah Garcia
1571,31,4,1,18,Michael Jones
1572,31,6,1,23,Sarah Williams
1573,32,2,1,33,Sarah Brown
1574,32,6,1,36,David Smith
1575,35,9,1,42,David Williams
1576,35,10,1,45,Emily Smith
1577,35,5,1,38,Sarah Smith
1578,37,7,1,17,John Smith
1579,37,3,1,15,Michael Smith
1580,39,8,1,15,David Garcia
1581,39,3,1,12,Michael Brown
1582,40,8,1,16,Sarah Garcia
1583,40,6,1,20,John Williams
1584,43,2,1,38,David Garcia
1585,43,1,1,40,Sarah Jones
1586,46,6,1,22,Michael Jones
1587,46,8,1,17,Michael Johnson
1588,46,9,1,19,Jane Brown
1589,47,5,1,150,Michael Brown
1590,47,1,1,147,David Johnson
1591,47,3,1,153,Michael Johnson
1592,50,3,1,146,John Smith
1593,50,10,1,148,David Johnson
1594,51,5,1,40,David Garcia
1595,51,6,1,37,Emily Williams
1596,51,3,1,42,Jane Williams
1597,62,9,1,39,John Brown
1598,62,3,1,45,Jane Brown
1599,62,5,1,43,Jane Smith
1600,64,5,1,56,Emily Johnson
1601,64,8,1,56,Emily Brown
1602,64,10,1,52,Emily Smith
1603,66,1,1,129,John Brown
1604,66,3,1,134,Jane Brown
1605,66,2,1,130,John Williams
1606,67,10,1,59,David Johnson
1607,67,4,1,54,Jane Smith
1608,69,9,1,133,Emily Smith
1609,69,8,1,131,Sarah Johnson
1610,70,6,1,103,Michael Brown
1611,70,9,1,95,Emily Brown
1612,70,1,1,98,Sarah Williams
1613,72,5,1,123,Michael Brown
1614,72,6,1,126,John Johnson
1615,73,7,1,100,Emily Brown
1616,73,8,1,104,Jane Jones
1617,73,5,1,107,John Johnson
1618,74,5,1,136,Michael Smith
1619,74,8,1,137,Sarah Smith
1620,76,7,1,123,Jane Jones
1621,76,5,1,124,Emily Jones
1622,79,4,1,137,Michael Jones
1623,79,3,1,138,John Williams
1624,81,8,1,28,John Smith
1625,81,9,1,27,Michael Williams
1626,81,10,1,35,Emily Brown
1627,87,5,1,46,Sarah Garcia
1628,87,7,1,54,Jane Smith
1629,88,5,1,49,David Garcia
1630,88,8,1,53,David Brown
1631,89,5,1,59,David Garcia
1632,89,8,1,63,John Williams
1633,89,2,1,56,David Smith
1634,91,6,1,50,Michael Johnson
1635,91,8,1,48,Michael Williams
1636,95,6,1,20,David Garcia
1637,95,1,1,17,David Johnson
1638,95,5,1,26,Jane Smith
1639,96,9,1,39,Emily Williams
1640,96,6,1,38,Emily Garcia
1641,97,2,1,55,John Johnson
1642,97,9,1,61,Michael Williams
1643,97,6,1,60,Sarah Williams
1644,98,2,1,41,David Johnson
1645,98,4,1,42,David Jones
1646,100,7,1,17,John Johnson
1647,100,8,1,16,Sarah Williams
1648,101,6,1,48,David Williams
1649,101,3,1,41,Emily Williams
1650,101,8,1,39,Emily Smith
1651,104,3,1,33,Michael Johnson
1652,104,10,1,33,Jane Smith
1653,105,2,1,21,Sarah Smith
1654,105,10,1,17,John Smith
1655,105,1,1,24,David Jones
1656,106,8,1,28,John Smith
1657,106,2,1,28,Emily Smith
1658,107,2,1,42,Jane Johnson
1659,107,4,1,43,Michael Smith
1660,109,3,1,31,Michael Williams
1661,109,5,1,24,David Garcia
1662,111,9,1,14,David Smith
1663,111,2,1,21,Jane Garcia
1664,117,5,1,36,John Garcia
1665,117,3,1,29,Jane Jones
1666,119,6,1,42,John Johnson
1667,119,3,1,37,Sarah Brown
1668,119,8,1,35,David Johnson
1669,120,2,1,40,John Jones
1670,120,6,1,35,Sarah Williams
1671,120,10,1,37,David Garcia
1672,121,2,1,39,John Brown
1673,121,6,1,36,Sarah Jones
1674,124,8,1,23,Sarah Johnson
1675,124,4,1,20,Sarah Garcia
1676,124,7,1,24,Jane Smith
1677,125,2,1,35,Emily Garcia
1678,125,7,1,28,John Johnson
1679,125,8,1,33,Sarah Garcia
1680,127,3,1,21,Jane Williams
1681,127,2,1,19,David Brown
1682,133,4,1,41,Michael Garcia
1683,133,7,1,43,David Williams
1684,137,6,1,32,David Williams
1685,137,8,1,27,Sarah Smith
1686,137,7,1,26,Michael Brown
1687,138,4,1,34,Emily Smith
1688,138,3,1,34,Sarah Garcia
1689,138,1,1,33,Jane Brown
1690,140,3,1,43,Emily Jones
1691,140,5,1,49,Sarah Johnson
1692,140,2,1,46,Emily Brown
1693,141,9,1,27,David Smith
1694,141,5,1,19,Sarah Smith
1695,141,6,1,25,Sarah Williams
1696,144,8,1,35,Jane Jones
1697,144,10,1,45,Michael Garcia
1698,144,1,1,37,Sarah Brown
1699,146,5,1,24,John Jones
1700,146,7,1,27,Sarah Garcia
1701,147,8,1,40,John Brown
1702,147,9,1,36,Sarah Jones
1703,147,3,1,38,David Garcia
1704,150,5,1,50,David Smith
1705,150,6,1,52,Michael Williams
1706,150,1,1,59,John Garcia
1707,152,7,1,23,Michael Brown
1708,152,2,1,23,John Garcia
1709,152,10,1,21,Jane Johnson
1710,156,10,1,26,John Williams
1711,156,2,1,24,John Jones
1712,156,9,1,27,John Brown
1713,159,10,1,27,John Garcia
1714,159,9,1,30,David Smith
1715,159,7,1,28,Sarah Jones
1716,161,6,1,53,Emily Garcia
1717,161,2,1,55,Michael Brown
1718,161,8,1,60,Emily Williams
1719,162,10,1,42,Sarah Johnson
1720,162,5,1,44,Emily Smith
1721,167,5,1,44,Michael Jones
1722,167,10,1,50,Jane Jones
1723,168,10,1,43,Michael Williams
1724,168,2,1,35,David Jones
1725,169,7,1,36,Emily Williams
1726,169,4,1,43,Michael Brown
1727,169,6,1,45,David Williams
1728,171,7,1,59,David Jones
1729,171,10,1,62,Emily Jones
1730,178,1,1,147,David Brown
1731,178,9,1,148,Emily Garcia
1732,181,5,1,42,Emily Garcia
1733,181,9,1,33,David Johnson
1734,181,7,1,38,Sarah Johnson
1735,182,3,1,24,Sarah Williams
1736,182,5,1,19,Emily Johnson
1737,186,5,1,30,Emily Jones
1738,186,10,1,29,Sarah Johnson
1739,186,3,1,27,Jane Johnson
1740,187,4,1,32,Sarah Jones
1741,187,5,1,31,Sarah Garcia
1742,191,4,1,56,Jane Smith
1743,191,3,1,56,Michael Garcia
1744,194,1,1,17,John Smith
1745,194,8,1,22,David Williams
1746,200,7,1,54,Emily Smith
1747,200,6,1,50,Emily Johnson
